Title,Description,Alert Type,Alert Expires,Search 
Checkpoint Address Spoofing,,Always,24h,"index=prod_checkpoint action=Detect 
| stats count by origin, src_ip, message_info, dest_ip , dest_port 
| lookup MySubnets subnet as src_ip OUTPUT location as src_location 
| lookup MySubnets subnet as dest_ip OUTPUT location as dest_location
| sort -count 
| search count > 500
| table origin, src_ip, src_location, message_info, dest_ip, dest_port, dest_location, count"
Checkpoint Firewall Blocks,,Always,24h,"index=prod_checkpoint action=Drop dest_ip!=""Whatever the external IP address is""
| stats count by index, origin, src_ip, dest_ip, dest_port, action, rule_name
| sort -count
| head 20
| lookup MySubnets subnet as src_ip OUTPUT location as src_location 
| lookup MySubnets subnet as dest_ip OUTPUT location as dest_location
| lookup WellKnownPorts port as dest_port OUTPUT description as Port
| rename origin as ""Firewall""
| table count, Firewall, src_ip, src_location, dest_ip, dest_port,Port,  dest_location, rule_name"
Checkpoint Not Accepts,,Always,24h,"index=prod_checkpoint action!=Accept
|  stats count by origin, src_ip, action, dest_ip , dest_port
| lookup MySubnets subnet as src_ip OUTPUT location as src_location
| lookup MySubnets subnet as dest_ip OUTPUT location as dest_location
| sort -count
| table origin, src_ip, src_location, action, dest_ip, dest_port , dest_location , count"
Checkpoint Scanner Blocks,,Always,24h,"index=prod_checkpoint action=Drop src_ip IN (
``` Rapid 7 Scan Engines ```
""10.70.90.20"",
""10.70.90.21"",
""10.70.90.22"",
""10.80.90.20"",
""10.80.90.21"",
""10.80.90.22"",
``` Servers for Service Now ```
""10.70.181.10"",
""10.70.181.11"",
""10.70.181.12"",
""10.80.181.10"",
""10.80.181.11"",
""10.80.181.12""
)
| stats count by index, origin, src_ip, dest_ip, dest_port, action, rule_name
| sort -count
| lookup MySubnets subnet as src_ip OUTPUT location as src_location 
| lookup MySubnets subnet as dest_ip OUTPUT location as dest_location
| rename origin as ""Firewall""
| table count, firewall, src_ip, src_location, dest_ip, dest_port, dest_location, rule_name"
Checkpoint Top Talkers V3,,Always,24h,"| tstats summariesonly=t sum(All_Traffic.bytes) AS Bytes sum(All_Traffic.bytes_in) as Bytes_In sum(All_Traffic.bytes_out) as Bytes_Out FROM datamodel=Network_Traffic WHERE sourcetype=""cp_Firewall"" All_traffic.dest_ip=""Whatever the external IP address is"" NOT All_Traffic.action IN (""Drop"") BY All_Traffic.src_ip, All_Traffic.action, All_Traffic.dest_ip
| rename All_Traffic.* AS * 
| lookup MySubnets subnet as src_ip OUTPUT location as src_location 
| lookup MySubnets subnet as dest_ip OUTPUT location as dest_location 
| rename src_ip AS ""Source IP""
| eval GBytes = round(Bytes / 1024 /1024 /1024, 2) 
| eval GBytes_Out = round(Bytes_Out / 1024 /1024 /1024, 2) 
| eval GBytes_In = round(Bytes_In / 1024 /1024 /1024, 2) 
| sort - Bytes
| head 20
| fields ""Source IP"", src_location, action, GBytes, GBytes_In, GBytes_Out , dest_ip, dest_location"
Cisco Scanner Blocks,,Always,24h,"index=prod_cisco_asa Cisco_ASA_action=den* src_ip IN (
    ""10.70.90.20"",
    ""10.70.90.21"",
    ""10.70.90.22"",
    ""10.80.90.20"",
    ""10.80.90.21"",
    ""10.80.90.22"",
    ""10.70.181.10"",
    ""10.70.181.11"",
    ""10.70.181.12"",
    ""10.80.181.10"",
    ""10.80.181.11"",
    ""10.80.181.12""
)
| stats count by index, host, src_ip, dest_ip, dest_port, Cisco_ASA_action, rule_id
| sort -count
| lookup MySubnets subnet as src_ip OUTPUT location as src_location
| lookup MySubnets subnet as dest_ip OUTPUT location as dest_location
| rename host as ""Firewall""
| table count, Firewall, src_ip, src_location, dest_ip, dest_port, dest_location, rule_id"
DNS Analysis,Analysis of DNS Traffic,Always,24h,"| tstats summariesonly=t count FROM datamodel=Network_Traffic WHERE sourcetype=""cp_Firewall"" All_Traffic.dest_port=""53"" All_Traffic.src_ip=* All_Traffic.dest_ip=""*"" BY All_Traffic.src_ip, All_Traffic.action, All_Traffic.dest_ip, All_Traffic.dest_port
| rename All_Traffic.* AS *
| lookup MySubnets subnet AS src_ip OUTPUT location AS ""Source Location""
| lookup MySubnets subnet AS dest_ip OUTPUT location AS ""Destination Location""
| rename src_ip AS ""Source IP"", dest_ip AS ""Destination IP"", dest_port AS ""Destination Port""
| fields ""Source Location"", ""Source IP"", ""Destination Location"", ""Destination IP"", ""Destination Port"", action, count
| sort -count"
DNS Analysis,Analysis of DNS Traffic,Always,24h,"| tstats summariesonly=t count FROM datamodel=Network_Traffic 
WHERE sourcetype=""cp_Firewall"" 
AND All_Traffic.dest_port=""53"" 
AND NOT All_Traffic.dest_ip IN (""0.0.0.0"", ""10.10.150.2"", ""10.60.1.10"", ""10.60.8.10"", 
""10.60.8.11"", ""10.60.80.10"", ""10.70.20.10"", ""10.70.20.11"", ""10.80.20.10"", 
""10.80.20.11"", ""10.80.40.101"", ""10.10.150.1"", ""10.200.44.5"", ""172.18.128.99"", 
""255.255.255.255"") 
AND NOT All_Traffic.src_ip IN (""0.0.0.0"", ""10.10.150.2"", ""10.60.1.10"", ""10.60.8.10"", 
""10.60.8.11"", ""10.60.80.10"", ""10.70.55.10"", ""10.70.20.10"", ""10.70.20.11"", 
""10.80.20.10"", ""10.80.20.11"", ""10.80.20.83"", ""10.80.40.101"", ""10.200.44.5"", 
""172.18.128.98"", ""172.18.128.99"", ""10.70.20.83"", ""255.255.255.255"") 
AND NOT All_Traffic.dvc IN (""10.60.10.252"", ""10.60.10.253"", ""10.60.73.252"", ""10.60.73.253"", 
""172.18.248.123"", ""172.18.248.125"") 
AND NOT All_Traffic.action IN (""Detect"", ""Prevent"", ""Drop"") 
BY All_Traffic.src_ip, All_Traffic.action, All_Traffic.dest_ip 
| rename All_Traffic.* AS * 
| sort - count 
| lookup MySubnets subnet AS src_ip OUTPUT location AS src_location 
| lookup MySubnets subnet AS dest_ip OUTPUT location AS dest_location 
| rename src_ip AS ""Source IP"" 
| fields ""Source IP"", src_location, action, count, dest_ip, dest_location"
Dynatrace Blocks,,Always,24h,"index=prod_checkpoint action=Drop dest_ip IN (""52.211.92.185"", ""63.33.149.166"", ""63.34.224.115"", ""34.246.164.174"", ""108.128.127.88"", ""54.73.50.132"", ""54.194.226.107"", ""34.249.56.77"", ""54.73.199.74"", ""34.249.78.239"", ""34.241.194.10"", ""54.220.249.199"", ""54.76.0.28"", ""54.247.149.59"", ""63.34.231.89"", ""54.72.59.249"", ""10.70.10.77"", ""10.60.1.77"", ""10.70.20.207"", ""10.70.20.208"")
| stats count by index, origin, src_ip, dest_ip, dest_port, action, rule_name
| sort -count
| lookup MySubnets subnet as src_ip OUTPUT location as src_location
| lookup MySubnets subnet as dest_ip OUTPUT location as dest_location
| rename origin as ""Firewall""
| table count, Firewall, src_ip, src_location, dest_ip, dest_port, dest_location, rule_name"
Dynatrace Cisco Blocks,,Always,24h,"index=prod_cisco_asa Cisco_ASA_action=den* dest_ip IN (""52.211.92.185"",""63.33.149.166"",""63.34.224.115"",""34.246.164.174"",""108.128.127.88"",""54.73.50.132"",""54.194.226.107"",""34.249.56.77"",""54.73.199.74"",""34.249.78.239"",""34.241.194.10"",""54.220.249.199"",""54.76.0.28"",""54.247.149.59"",""63.34.231.89"",""54.72.59.249"",""10.70.10.77"",""10.60.1.77"",""10.70.20.207"",""10.70.20.208"")
| stats count by index, host, src_ip, dest_ip, dest_port, Cisco_ASA_action, rule_id
| sort -count
| lookup MySubnets subnet as src_ip OUTPUT location as src_location 
| lookup MySubnets subnet as dest_ip OUTPUT location as dest_location
| rename host as ""Firewall""
| table count, Firewall, src_ip, src_location, dest_ip, dest_port, dest_location, rule_id"
Events by timeacross all prod indexs,,Always,24h,"| tstats prestats=t count WHERE index=prod_* AND sourcetype=""*"" BY sourcetype, _time, indextime span=1m
| timechart count BY sourcetype span=1h"
Events going into all known AWS Accounts,Lists all the accounts in  AWSAccountAlias with a count of each,Always,24h,"index=prod_aws 
| rename aws_account_id as AccountID
| stats count by AccountID
| inputlookup append=true AWSAccountAlias
| fillnull count 
| stats sum(count) as count by AccountID
| sort -count
| lookup AWSAccountAlias AccountID as AccountID OUTPUT AccountName, Description
| table AccountID, AccountName, Description, count"
Firewall Block Analysis,,Always,24h,"| tstats summariesonly=t count FROM datamodel=Network_Traffic WHERE 
    All_Traffic.dest_ip IN (
    )
    All_Traffic.src_ip IN (
    ""0.0.0.0"",
    ""10.*"",
    ""192.168.*"",
    ""172.16.*"",
    ""172.17.*"",
    ""172.18.*"",
    ""172.19.*"",
    ""172.20.*"",
    ""172.21.*"",
    ""172.22.*"",
    ""172.23.*"",
    ""172.24.*"",
    ""172.25.*"",
    ""172.26.*"",
    ""172.27.*"",
    ""172.28.*"",
    ""172.29.*"",
    ""172.30.*"",
    ""172.31.*"",
    ""255.255.255.255""
    )
    NOT All_Traffic.dvc IN (
        ""10.60.10.252"",
        ""10.60.10.253"",
        ""10.60.73.252"",
        ""10.60.73.253"",
        ""172.18.248.123"",
        ""172.18.248.125""
    ) 
    NOT All_Traffic.action IN (
        ""permitted"",
        ""built"",
        ""Accept"",
        ""Detect""
    )
    BY 
        All_Traffic.dvc,
        All_Traffic.src_ip,
        All_Traffic.action,
        All_Traffic.dest_ip, 
        All_Traffic.dest_port,
        All_Traffic.protocol
| rename All_Traffic.* AS *
| sort - count
| lookup MySubnets subnet as src_ip OUTPUT location as src_location 
| lookup MySubnets subnet as dest_ip OUTPUT location as dest_location 
| lookup WellKnownPorts port as dest_port OUTPUT description as Port_Description
| rename src_ip AS ""Source IP""
| fields dvc, ""Source IP"", src_location, action, count , dest_ip, protocol, dest_port, Port_Description , dest_location"
Firewall Ingestion Usage,,Always,24h,"index=""sim_licensing_usage_base"" idx IN (""prod_checkpoint"",""prod_cisco_asa"")
| `sim_licensing_usage_all(""idx"")`
| eval ingestion=GB 
| fields - GB volume"
Heavy Forwarder Blocking,Heavy Forwarder Analysis,Always,24h,"| tstats summariesonly=t count FROM datamodel=Network_Traffic 
WHERE sourcetype=""cp_Firewall"" 
AND All_Traffic.dest_ip IN (
    ""172.22.96.10"", 
    ""172.22.96.11"", 
    ""172.22.96.30"",
    ""172.22.96.41"", // Deployment Server
    ""172.25.96.10"", 
    ""172.25.96.11"",
    ""172.25.96.30""
)
AND NOT All_Traffic.src_ip IN (
    ""0.0.0.0"", 
    ""10.70.181.11"",
    ""10.80.181.10"",
    ""255.255.255.255""
)
AND NOT All_Traffic.dvc IN (
    ""10.60.10.252"",
    ""10.60.10.253"",
    ""10.60.73.252"",
    ""10.60.73.253"", 
    ""172.18.248.123"",
    ""172.18.248.125""
)
AND All_Traffic.action IN (""Prevent"", ""Drop"")
BY All_Traffic.src_ip, All_Traffic.action, All_Traffic.dest_ip, All_Traffic.dest_port
| rename All_Traffic.* AS *
| sort - count
| lookup MySubnets subnet as src_ip OUTPUT location as src_location 
| lookup MySubnets subnet as dest_ip OUTPUT location as dest_location 
| lookup WellKnownPorts port as dest_port OUTPUT description as Port_Description
| rename src_ip AS ""Source IP""
| fields ""Source IP"", src_location, action, count , dest_ip, dest_port, Port_Description, dest_location"
Heavy Forwarder Blocks,,Always,24h,"index=prod_checkpoint action=Drop dest_ip IN (""172.22.96.10"",""172.22.96.11"",""172.25.96.10"",""172.25.96.11"")
| stats count by index, origin, src_ip, dest_ip, dest_port, action, rule_name
| sort -count
| lookup MySubnets subnet as src_ip OUTPUT location as src_location
| lookup MySubnets subnet as dest_ip OUTPUT location as dest_location
| rename origin as Firewall
| table count, Firewall, src_ip, src_location, dest_ip, dest_port, dest_location, rule_name"
NTP Analysis,Analysis of NTP Traffic,Always,24h,"| tstats summariesonly=t count FROM datamodel=Network_Traffic 
WHERE sourcetype=""cp_Firewall"" 
AND All_Traffic.dest_port=""123"" 
AND NOT All_Traffic.dest_ip IN (
    ""0.0.0.0"",
    ""192.168.9.3"", // NTP Reading
    ""192.168.9.2"", // NTP Reading
    ""255.255.255.255""
)
AND NOT All_Traffic.src_ip IN (
    ""0.0.0.0"", 
    ""10.70.190.100"", // DC1 NTP
    ""10.80.190.100"", // DC2 NTP
    ""255.255.255.255""
)
AND NOT All_Traffic.dvc IN (
    ""10.60.10.252"", 
    ""10.60.10.253"", 
    ""10.60.73.252"", 
    ""10.60.73.253"",
    ""172.18.248.123"", 
    ""172.18.248.125""
)
AND NOT All_Traffic.action IN (""Detect"", ""Prevent"", ""Drop"")
BY All_Traffic.src_ip, All_Traffic.action, All_Traffic.dest_ip
| rename All_Traffic.* AS *
| sort - count
| lookup MySubnets subnet AS src_ip OUTPUT location AS src_location 
| lookup MySubnets subnet AS dest_ip OUTPUT location AS dest_location 
| rename src_ip AS ""Source IP""
| fields ""Source IP"", src_location, action, count, dest_ip, dest_location"
Readin Traffic,Analysis of Traffic going through the Reading Firewall,Always,24h,"| tstats summariesonly=t count FROM datamodel=Network_Traffic WHERE 
sourcetype=""cp_Firewall"" 
All_Traffic.dest_port=""*"" 
NOT All_Traffic.dest_ip IN (""0.0.0.0"", ""255.255.255.255"") 
NOT All_Traffic.src_ip IN (""0.0.0.0"", ""10.10.0.*"", ""10.10.1.*"", ""10.10.2.*"", ""10.10.3.*"", 
""10.10.4.*"", ""10.10.8.*"", ""10.10.7.*"", ""10.10.10.*"", ""10.10.15.*"", ""10.10.110.*"", ""10.10.150.18"", 
""10.10.150.37"", ""10.10.150.100"", ""10.10.150.89"", ""10.10.150.99"", ""10.10.150.10"", ""10.10.200.50"", 
""10.10.200.51"", ""10.10.150.60"", ""10.10.150.5"", ""10.10.150.4"", ""10.10.150.11"", ""192.168.40.*"", 
""192.168.9.*"", ""192.168.7.*"", ""10.10.190.*"", ""255.255.255.255"") 
NOT All_Traffic.dvc IN (""10.60.10.252"", ""10.60.10.253"", ""10.60.73.252"", ""10.60.73.253"", 
""172.18.248.123"", ""172.18.248.125"") 
NOT All_Traffic.Action IN (""Detect"", ""Prevent"", ""Drop"") 
BY All_Traffic.src_ip, All_Traffic.dest_port, All_Traffic.direction, All_Traffic.dest_ip, 
All_Traffic.action, All_Traffic.dest_translated_ip 
| rename All_Traffic.* AS * 
| sort - count 
| lookup MySubnets subnet as src_ip OUTPUT location as src_location 
| lookup MySubnets subnet as dest_ip OUTPUT location as dest_location
| lookup MySubnets subnet as dest_translated_ip OUTPUT location as final_location 
| rename src_ip AS ""Source IP"", dest_ip AS ""Destination IP"", dest_port AS Port, direction AS ""FW 
Determined Direction"" 
| fields ""Source IP"", src_location, ""Destination IP"", dest_location, Port, dest_translated_ip, 
final_location, Action, count"
Reading Traffic Clone,Analysis of Traffic going through the Reading Firewall,Always,24h,"| tstats summariesonly=t count FROM datamodel=Network_Traffic 
WHERE sourcetype=""CheckPoint_Firewall"" 
    All_Traffic.dest_port=""*"" 
    NOT All_Traffic.dest_ip IN (
        ""0.0.0.0"",
        ""255.255.255.255""
    )
    NOT All_Traffic.src_ip IN (
        ""0.0.0.0"", 
        ""10.10.0.*"",
        ""10.10.1.*"",
        ""10.10.2.*"",
        ""10.10.3.*"",
        ""10.10.4.*"",
        ""10.10.8.*"",
        ""10.10.7.*"",
        ""10.10.10.*"",
        ""10.10.15.*"",
        ""10.10.110.*"",
        ""10.10.150.18"", //Bacs Server
        ""10.10.150.37"", //Fruadstar Server
        ""10.10.150.100"", // ESX Server
        ""10.10.150.89"", // VEAM Proxy
        ""10.10.150.99"", // Trend
        ""10.10.150.10"", // Trend
        ""10.10.200.50"", // Franking Machine
        ""10.10.200.51"", // Franking Machine
        ""10.10.150.60"", // SCCM Servers
        ""10.10.150.5"", // DCC
        ""10.10.150.4"", // DCC 2k19
        ""10.10.150.11"", // File Server 02
        ""192.168.40.*"",
        ""192.168.9.*"", // NTP Subnet
        ""192.168.7.*"", // NTP Subnet
        ""10.10.190.*"", // VXRail
        ""255.255.255.255""
    )
    NOT All_Traffic.dvc IN (
        ""10.60.10.252"", ""10.60.10.253"", ""10.60.73.252"", ""10.60.73.253"", 
        ""172.18.248.123"", ""172.18.248.125""
    ) 
    NOT All_Traffic.Action IN (""Detect"", ""Prevent"", ""Drop"")
BY All_Traffic.src_ip, All_Traffic.dest_port, All_Traffic.direction, All_Traffic.dest_ip, All_Traffic.action, All_Traffic.dest_translated_ip
| rename All_Traffic.* AS * 
| sort - count
| lookup MySubnets subnet as src_ip OUTPUT location as src_location 
| lookup MySubnets subnet as dest_ip OUTPUT location as dest_location
| lookup MySubnets subnet as dest_translated_ip OUTPUT location as final_location
| rename src_ip AS ""Source IP"", dest_ip AS ""Destination IP"", dest_port AS Port, direction AS ""FW Determined Direction""
| fields ""Source IP"", src_location, ""Destination IP"", dest_location, Port, dest_translated_ip, final_location, Action, count"
Search for malicious 'logon with explicit credentials' events,,Always,24h,"index=prod_windows OR index=prod_windows_ad OR index=prod_aws EventCode=4648 src_user!=SYSTEM src_user!=""*$*"" 
| where src_user!=Account_Name 
| convert ctime(_time) as Time timeformat=""%d/%m/%y %H%M%S"" 
| stats values(Time) values(src_user) values(EventCode) values(action) values(user) values(Process_Name) values(Additional_Information) values(Account_Name) values(Security_ID) by ComputerName"
Search for net use 'logon with explicit credentials' events,,Always,24h,"(index=prod_windows OR index=prod_windows_ad OR index=prod_aws) EventCode=4648 Process_ID=0x4 src_user!=SYSTEM 
| where src_user!=Account_Name 
| convert ctime(_time) as Time timeformat=""%d/%m/%y %H%M%S"" 
| stats values(Time) values(src_user) values(EventCode) values(action) values(user) values(Process_Name) 
  values(Additional_Information) values(Account_Name) values(Security_ID) by ComputerName"
Search for remote service Interaction (utilising 'sc.exe' with explicit credentials),,Always,24h,"(index=prod_windows OR index=prod_windows_ad OR index=prod_aws) EventCode=4648 Process_Name=""*sc.exe""
| convert ctime(_time) as Time timeformat=""%d/%m/%y %H%M%S""
| stats values(Time) values(src_user) values(EventCode) values(action) values(user) values(Process_Name) values(Additional_Information) values(Account_Name) values(Security_ID) by ComputerName"
 Search to view connections to/fromseen IPS.,,Always,24h,"index=prod_cisco_asa src=150.129.8.{4,5,6,8-17,19,23-28,30-34} 
| stats earliest(_time) as Earliest latest(_time) as Latest values(dvc) as Device 
values(src_port) as Src_port values(dest_port) as Dest_port values(transport) as Transport 
values(description) as Description values(bytes) as Bytes values(Cisco_ASA_action) as Action 
values(severity_level) as Severity by src dest 
| convert ctime(Earliest) ctime(Latest)"
 Search to view hashe,,Always,24h,"index=*
  (abfa2a78b07ab43f637f2f6fd35e2e40983bb1033ba2beac9602745d5a54d257 OR
   5924160dbc013d83a07ef1a9df8503de9bc1e577 OR
   156685d32876f14d8e52bc6070004100 OR
   8dbef5f7ffa96759bd395938ed385c8cfe991f96402f900f0a571c844c7fb78d OR
   f9914b360284b987ab21f56aea9f6153fac23b84 OR
   25a50b573de8f82bf8d5b29386fb94d7 OR
   ac41e98905b8d5ca7ab3a06b3aa32fdabcbd31344f8b846d5062d3c3f9cf2942 OR
   f43349174986cc31754b6c48627dd67af05352ab OR
   5b8f8c6d171cb1b2e10d4264f5c3d9e6 OR
   9b7ce9e9799f2c0c6357179d6ebd8c70380b783daf120302c3c21b41a9a6d5c5 OR
   f07ddc53210435ca7fc1ef77577b058addcd63ce OR
   131ab3e4ec47ff73ad99d9b3ab9bc00b OR
   7190e8b5494bdbded7b48026eb7a0a51e103f7ef937f98c9cf91c344579e95f9 OR
   57e9c9f4b40ccd0a26dba3cdea0dd91f118fc1c9 OR
   7d758edc08b4fa1fd16a1c251306187c OR
   acce6fbf738203f7a7a33b2ffb0d1fc48f718792d783dac0aec2112ab0f1a13e OR
   0acbf782d01cf6ab3a797fd929e60da4b34e6876 OR
   4ca19cafb8b2f762637ffd255070b84e)"
 Search to view processes,,Always,24h,index=prod_servicenow OR index=prod_windows (999.exe OR 888.exe OR 777.exe OR netscan6405.exe)
 Search for process doppelgÃ¤nging,,Always,24h,"(index=prod_windows OR index=prod_windows_ad OR index=prod_aws) EventCode=4985 Logon_ID!=0x3E7 
Process_Name NOT IN (""c\\windows\\system32\\svchost.exe"", ""c\\windows\\servicing\\TrustedInstaller.exe"", 
""c\\windows\\system32\\lsass.exe"", ""c\\windows\\winSxS\\*\\TiWorker.exe"", ""c\\windows\\system32\\poqexec.exe"") 
| convert ctime(_time) as Time timeformat=""%d/%m/%y %H%M%S""
| stats values(ComputerName) values(Process_Name) values(Logon_ID) values(action) values(user) 
values(Process_ID) values(name) values(category) values(Account_Domain) values(Security_ID) by Time"
 Search for password related subject,,Always,24h,"index=prod_mimecast subject=""Your message couldn't be delivered"" Sender=""test.test@testa.co.uk"" Rcpt=""test.test@testb.co.uk"" 
| stats count values(Sender) values(Rcpt) by subject Delivered"
 While investigating threat hunt some further activity was identified.,,Always,24h,"index=* (""%APPDATA%\pid.txt"" OR ""%APPDATA%\pidloc.txt"" OR ""%TEMP%\holdermail.txt"" OR 
""%TEMP%\holderwb.txt"" OR ""\Sys.exe"" OR ""\autorun.inf"" OR ""E\autorun.inf"" OR ""%TEMP%\SysInfo.txt"" OR 
""%APPDATA%\Wind"
 Search for files,,Always,24h,"index=* (""C\Users\<user>\AppData\Roaming\pid.txt"" OR ""C\Users\<user>\AppData\Roaming\pidloc.txt"" OR 
""C\Users\<user>\AppData\Local\Temp\holdermail.txt"" OR ""C\Users\<user>\AppData\Local\Temp\holderwb.txt"" OR 
""\Sys.exe"" OR ""\autorun.inf"" OR ""E\autorun.inf"" OR ""C\Users\<user>\AppData\Local\Temp\SysInfo.txt"" OR 
""C\Users\<user>\AppData\Roaming\Windows Update.exe"" OR ""E\Sys.exe"" OR 
""C\Users\<user>\AppData\Local\Temp\subfolder"" OR 
""C\Users\<user>\AppData\Local\Temp\subfolder\filename.exe"" OR 
""C\Users\<user>\AppData\Local\Temp\subfolder\filename.vbs"" OR 
""C\Users\<user>\AppData\Local\Microsoft\Windows\WebCache\WebCacheV01.tmp"" OR 
""C\Users\<user>\AppData\Roaming\WindowsUpdate.exe"")"
 Search for hashes,,Always,24h,"index=* (0d4e850f6a4dfa6dc74f8770d6293c37a2a1df3bcf8bbac8ed5eebd7041cdf2e OR
          4496ce4c4eb7baa7ba7cac5a30d632db25143d89462ee4a885fbaf3752caec8d OR
          5983ce394d98d07d267d563496f4d444eaeb17e5fd9d2dd517b92145598d27ec OR
          5c2d0070ab7f93ddee20bbb6f38e60d994bcc3e256658c31a6ce8a033767a81e OR
          7d8dafc1e315b3adf788763ad0792e1c6e3cc0925f80b5bde41509858470b432 OR
          88f75d07e5f0b4f18651380e891d02b4980de66351c97a7bd766a9e6065452d8 OR
          93b1a9aa9be7e72eaed6ba8de581f9e73020fe70f021912e2e3ec956bd5171d9 OR
          94a3fbed738a7683435d72e0082c6c56a8472fb289ecda7e93055d69fb7f0117 OR
          dcab4d6f0691ce5b507470e879ffb9abfbe4039a52ebe0f4d5293e901c53e458 OR
          f264c1d4f641bb0063a6760ac36dcf6df08f01398bdf013e70ce14bfeea0322e)"
 Search to identify web shell URIs via anomalous IP address access,,Always,24h,"index=*
| fillnull value=- 
| search status>=""200"" status<=""300"" uri!="""" clientip!=""""
| stats dc(useragent) as dc_user_agent values(useragent) as values_user_agent dc(clientip) as dc_src values(clientip) as values_src count by uri 
| search dc_src<=5 OR dc_user_agent<=5 
| table uri dc_user_agent values_user_agent dc_src values_src"
 Search to Identify Domains/Hostnames/URLs (30 days),,Always,24h,"index=*
(80674fb8973e2a7ee31596d9105d1d897a92f7bbcbf6f07b3bf7a9444f71ca9c 
OR 93374f99070affdf3c298c152fc33694 
OR 0793ce8600d84be1e9330ce243da55756a6e24e5 
OR bf8d0fc2065cdf22ebaba1265ecbe4c4b44c0108)"
 Search to identify Hashes (30 days),,Always,24h,"index=* (80674fb8973e2a7ee31596d9105d1d897a92f7bbcbf6f07b3bf7a9444f71ca9c 
OR 93374f99070affdf3c298c152fc33694 
OR 0793ce8600d84be1e9330ce243da55756a6e24e5 
OR bf8d0fc2065cdf22ebaba1265ecbe4c4b44c0108)"
 Search to Identify IPS (30 days),,Always,24h,"| tstats summariesonly=t count min(_time) as firstTime max(_time) as lastTime from datamodel=Network_Traffic where All_Traffic.dest_ip IN (""5.196.108.185"", ""200.116.145.225"", ""96.126.101.6"") by All_Traffic.src_ip, All_Traffic.dest_ip"
 Search to identify any file hash hits (30 days),,Always,24h,"index=* (207793677b889bf22c8f28120df0ab1cca69e23eb5213bfda5b474a0472f3fff OR
          2263c1eb4d302492f261a35f02ac9257baaa1a1d8f0c0025459aef18dfde14e9 OR
          34d6f25484edc517676af1b474d0dcc9fdf8277585206f3dfe1b9dc41a8e1d30 OR
          52818de60a1238d208ec65ca00ae14d152ce2707104b02b9bb662533c33f9b80 OR
          5d7810ab55189a068ae5ceef92f5d95ea105716f7abb7fdaa8db368bcc997c04 OR
          8f5c02d7501229d5a06f864a936a76552fa03688860533ac46de9b1a881599db OR
          9fdd46b8fac611813d0610ddc9a74be2534552f84037a021f2111f8cfcd02669 OR
          c702947e68cebfde3eafa8b78711ba0c536e44912d7b4984a9055aa22d7ccedf OR
          ca72d0ae5eb6e9e50fad7cea56c5048dc738024ed13750da83040fe0a5984101 OR
          cb01f4749caef72ea8aaf8c166aa5b572f8bd5295779500cb0e5e8f1a2c38dc9 OR
          cd669d8bc591e23169c703f49a20d7446a8a6db51c959334e9a5a6650882703e OR
          d8b62bc60696d110df3d97c4ebcb5d2bd0a0c0445ce4a86a5a86c7e494f4c8d0 OR
          e0d5bc01f2e3465b7dce3eb791b7e455a7bbd2c109a604312384d99e93f9b6b4 OR
          ef804ddc84810a362e4c70f3bc1eb1650254acaabe33ffe9e1ed65a6ddd82067 OR
          f023618b0b87c2b9c5115bfd3342c694564219757c1b5125c042f5a0f17ae682 OR
          f8c1f6de0ec2d17ad26aae9fa2c5a33a9105cda60251cc388bd4c2c624d738e4)"
 Search to Identify IP traffic (30 days),,Always,24h,"(index=prod_cisco_asa OR index=prod_checkpoint) (ip=""209.68.32.176"" OR ip=""114.140.13.110"" OR ip=""64.184.203.87"" OR ip=""66.74.65.21"" OR ip=""75.69.92.137"" OR ip=""173.161.53.61"" OR ip=""67.82.249.90"" OR ip=""71.87.111.92"" OR ip=""75.64.22.81"" OR ip=""181.47.5.125"" OR ip=""95.111.225.124"" OR ip=""181.165.92.121"" OR ip=""118.168.183.114"" OR ip=""125.58.66.125"" OR ip=""61.227.47.110"" OR ip=""24.166.59.97"" OR ip=""71.97.99.170"" OR ip=""1.160.225.1"" OR ip=""68.230.236.85"" OR ip=""97.104.42.173"" OR ip=""111.248.215.43"" OR ip=""178.158.65.14"" OR ip=""114.162.146.65"" OR ip=""190.181.207.76"" OR ip=""24.181.13.254"")"
 Search for connections to associated URLs with the campaign,,Always,24h,"| tstats min(_time) AS Time 
  values(Web.user) AS user 
  values(Web.dest) AS dest 
  values(Web.http_method) AS method 
  values(Web.url) AS url 
  values(Web.http_referrer) AS referrer 
  values(Web.http_user_agent) AS userAgent 
  values(Web.category) AS category 
  values(Web.action) AS action 
  FROM datamodel=Web 
  WHERE Web.dest IN (
    ""*mhdosoksaccf9sni9icp.appsync-api.eu-west-1.avsvmcloud.com*"",
    ""*k5kcubuassl3alrf7gm3.appsync-api.eu-west-1.avsvmcloud.com*"",
    ""*ihvpgv9psvq02ffo77et.appsync-api.us-east-2.avsvmcloud.com*"",
    ""*gq1h856599gqh538acqn.appsync-api.us-west-2.avsvmcloud.com*"",
    ""*7sbvaemscs0mc925tb99.appsync-api.us-west-2.avsvmcloud.com*"",
    ""*6a57jk2ba1d9keg15cbg.appsync-api.eu-west-1.avsvmcloud.com*"",
    ""*appsync-api.us-west-2.avsvmcloud.com*"",
    ""*appsync-api.us-east-2.avsvmcloud.com*"",
    ""*appsync-api.us-east-1.avsvmcloud.com*"",
    ""*appsync-api.eu-west-1.avsvmcloud.com*"",
    ""*5qbtj04rcbp3tiq8bo6t.appsync-api.us-east-1.avsvmcloud.com*"",
    ""*6a57jk2ba1d9keg15cbg.appsync-api.eu-west-1.avsvmcloud.com*"",
    ""*7sbvaemscs0mc925tb99.appsync-api.us-west-2.avsvmcloud.com*"",
    ""*gq1h856599gqh538acqn.appsync-api.us-west-2.avsvmcloud.com*"",
    ""*ihvpgv9psvq02ffo77et.appsync-api.us-east-2.avsvmcloud.com*"",
    ""*k5kcubuassl3alrf7gm3.appsync-api.eu-west-1.avsvmcloud.com*"",
    ""*mhdosoksaccf9sni9icp.appsync-api.eu-west-1.avsvmcloud.com*"",
    ""*deftsecurity.com*"",
    ""*freescanonline.com*"",
    ""*thedoccloud.com*"",
    ""*websitetheme.com*"",
    ""*highdatabase.com*"",
    ""*incomeupdate.com*"",
    ""*databasegalore.com*"",
    ""*panhardware.com*"",
    ""*zupertech.com*"",
    ""*digitalcollege.org*"",
    ""*avsvmcloud.com*"",
    ""*owa.organization.here*"",
    ""*webcodez.com*"",
    ""*virtualwebdata.com*"",
    ""*solartrackingsystem.net*"",
    ""*seobundlekit.com*"",
    ""*lcomputers.com*"",
    ""*kubecloud.com*"",
    ""*globalnetworkissues.com*"",
    ""*virtualdataserver.com*"",
    ""*infinitysoftwares.com*"",
    ""*ervsystem.com*""
  ) 
  AND Web.http_referrer IN (*) 
  BY Web.url 
| fields Time, user, dest, url, method, referrer, userAgent, category, action 
| convert ctime(Time)"
 Search for inbound traffic from malicious IPS,,Always,24h,"| tstats values(All_Traffic.user) AS user, values(All_Traffic.src_ip) AS sourceIP,
        values(All_Traffic.src_port) AS sourcePort, values(All_Traffic.dest_ip) AS destinationIP,
        values(All_Traffic.dest_port) AS destinationPort, values(All_Traffic.direction) AS direction,
        values(All_Traffic.action) AS action 
    FROM datamodel=Network_Traffic 
    WHERE All_Traffic.src_ip IN (*) 
        AND All_Traffic.dest_ip IN (51.89.125.18, 5.252.177.25, 5.252.177.21, 204.188.205.176, 139.99.115.204, 167.114.213.199, 13.59.205.66, 54.193.127.66, 54.215.192.52, 34.203.203.23, 139.99.115.204, 8.18.145.0, 196.203.11.89, 20.141.48.154, 51.89.125.18, 8.18.145.131, 8.18.145.21, 8.18.145.3, 8.18.145.33, 18.217.225.111, 184.72.145.34, 184.72.209.33, 184.72.21.54, 184.72.1.3, 184.72.101.22, 184.72.113.55, 184.72.212.52, 184.72.224.3, 184.72.240.3, 184.72.229.1, 184.72.245.1, 184.72.48.22, 3.16.81.254, 3.87.182.149, 34.219.234.134, 8.18.145.134, 8.18.144.9, 8.18.145.139, 8.18.145.150, 8.18.145.157, 8.18.145.36) 
        AND All_Traffic.dest_port IN (*)
    BY All_Traffic.dest_ip, All_Traffic.action
| fields user, sourceIP, sourcePort, destinationIP, destinationPort, direction, action"
 Search for outbound traffic to malicious IPS,,Always,24h,"| tstats values(All_Traffic.user) AS user, 
         values(All_Traffic.src_ip) AS sourceIP, 
         values(All_Traffic.src_port) AS sourcePort, 
         values(All_Traffic.dest_ip) AS destinationIP, 
         values(All_Traffic.dest_port) AS destinationPort, 
         values(All_Traffic.direction) AS direction, 
         values(All_Traffic.action) AS action 
  FROM datamodel=Network_Traffic 
  WHERE All_Traffic.src_ip IN (*) 
    AND All_Traffic.dest_ip IN (51.89.125.18,
                                5.252.177.25,
                                5.252.177.21,
                                204.188.205.176,
                                139.99.115.204,
                                167.114.213.199,
                                13.59.205.66,
                                54.193.127.66,
                                54.215.192.52,
                                34.203.203.23,
                                8.18.145.0,
                                196.203.11.89,
                                20.141.48.154,
                                8.18.145.131,
                                8.18.145.21,
                                8.18.145.3,
                                8.18.145.33,
                                18.217.225.111,
                                184.72.145.34,
                                184.72.209.33,
                                184.72.21.54,
                                184.72.1.3,
                                184.72.101.22,
                                184.72.113.55,
                                184.72.212.52,
                                184.72.224.3,
                                184.72.240.3,
                                184.72.229.1,
                                184.72.245.1,
                                184.72.48.22,
                                3.16.81.254,
                                3.87.182.149,
                                34.219.234.134,
                                8.18.145.134,
                                8.18.144.9,
                                8.18.145.139,
                                8.18.145.150,
                                8.18.145.157,
                                8.18.145.36) 
    AND All_Traffic.dest_port IN (*)
  BY All_Traffic.dest_ip, All_Traffic.action
| fields user, sourceIP, sourcePort, destinationIP, destinationPort, direction, action"
 Search to Identify Domains/Hostnames/URLs,,Always,24h,"| tstats summariesonly=t count min(_time) as firstTime max(_time) as lastTime from datamodel=Web 
where Web.url IN (
  ""*13hjkz7513v64541852v65431b5411dxv24.su*"",
  ""*13uhbt1z3tz78a56sdvghf1563451.ru*"",
  ""*1376bad654134c667213.online*"",
  ""*1378137613gbadz13567ds13.su*"",
  ""*137zt67g1635r5bd671563gbzasduzh512.online*"",
  ""*713zgjj2iigbh1766av441bsd67613.ru*"",
  ""*7163zbh16356ztug13765gv541.su*"",
  ""*asdjihnu1z763hubad6tn13.su*"",
  ""*hjadzgt613bhu8967rv61563fv.su*"",
  ""*ngnanoservebkup.duckdns.org*"",
  ""*yandex.ru*"",
  ""*hdfc.pp.ru*"",
  ""*www5.tamareirashotelmg.com.br*"",
  ""*www5.cdljussarago.com.br*"",
  ""*guardiasolutionsnet*"",
  ""*specializedhelp.com*"",
  ""*dolamosssepo.com*"",
  ""*dolamosssepo.xyz*"",
  ""*rossmailers.club*"",
  ""*rossmailers.com*"",
  ""*rossmailers.me*"",
  ""*rossmailers.net*"",
  ""*rossmailers.org*"",
  ""*rossmailers.pw*"",
  ""*rossmailers.space*""
) by Web.src, Web.url"
 Search to identify IP addresses across all indexes,,Always,24h,"index=* ( ""40.70.224.146"" OR ""91.92.109.119"" OR ""52.185.71.28"" OR ""212.7.208.130"" OR ""172.217.9.238"" OR ""40.76.4.15"" OR ""184.168.131.241"" OR ""5.255.255.80"" OR ""85.143.215.139"" )"
 Search to identify malicious domains,,Always,24h,"| tstats summariesonly=t earliest(_time) as Earliest latest(_time) as Latest values(Web.user) as User values(Web.dest) as Destination values(Web.site) as Site values(Web.action) as Action values(Web.category) as Category values(Web.http_content_type) as ""HTTP Content Type"" values(Web.http_method) as ""HTTP Method"" values(Web.http_referrer) as ""HTTP Referrer"" values(Web.http_user_agent) as ""User Agent"" from datamodel=Web WHERE Web.url IN (""dw.adyboh.com"",""wy.adyboh.com"",""feb.kkooppt.com"",""compdate.my03.com"",""jocoly.esvnpe.com"",""bmy.hqoohoa.com"",""bur.vueleslie.com"",""wind.windmilldrops.com"") by Web.src 
| `drop_dm_object_name(Web)` 
| convert ctime(Earliest) ctime(Latest) timeformat=""%d/%m/%Y %H%M%S"" 
| sort -Earliest"
 Search to identify malicious IPS,,Always,24h,"| tstats summariesonly=t earliest(_time) as Earliest latest(_time) as Latest values(Web.user) as User values(Web.dest) as Destination values(Web.site) as Site values(Web.action) as Action values(Web.category) as Category values(Web.url) as URL values(Web.http_content_type) as ""HTTP Content Type"" values(Web.http_method) as ""HTTP Method"" values(Web.http_referrer) as ""HTTP Referrer"" values(Web.http_user_agent) as ""User Agent"" from datamodel=Web WHERE Web.dest IN (""95.179.242.6"", ""95.179.242.27"", ""199.247.25.102"", ""95.179.210.61"", ""95.179.156.97"") by Web.src
| `drop_dm_object_name(Web)` 
| convert ctime(Earliest), ctime(Latest) timeformat=""%d/%m/%Y %H%M%S""
| sort -Earliest"
 Search for suspicious Domains (30 Days),,Always,24h,"| tstats min(_time) as Time values(Web.user) as user, values(Web.dest) as dest, 
  values(Web.http_method) as method, values(Web.url) as url, values(Web.http_referrer) as referrer, 
  values(Web.http_user_agent) as userAgent, values(Web.category) as category, values(Web.action) as 
  action from datamodel=Web 
  where Web.dest in (*) and Web.url IN (""*sctask.smartconnexxionz.com*"",
  ""*medicalconsultants.ie*"",
  ""*mmogollon.com.mx*"",
  ""*laboratoriostabbler.com*"",
  ""*urban-mosaic.com*"",
  ""*kezto.co.uk*"",
  ""*atwebpages.com*"",
  ""*maapaaevents.com*"",
  ""*truxiellogroup.com*"",
  ""*wexfashion.com*"",
  ""*caledoniehousesitting.com*"",
  ""*tcet-talk.info*"",
  ""*opinionglobal.com.do*"",
  ""*payments.amadike.com*"",
  ""*nec-i.com*"",
  ""*du-wizards.com*"",
  ""*ppdb-legacy.man1lamongan.com*"",
  ""*motobuin.eltipodelasfotos.cl*"",
  ""*riveroakshyundaikia.com*"",
  ""*crudtest.srintegrated.com*"",
  ""*busandvanrentalmalaysia.com*"",
  ""*allstagingwork.com*"",
  ""*tootaldeals.com*"",
  ""*indabol.com.bo*"",
  ""*olebaby.in*"",
  ""*tootaldeals.com*"",
  ""*binhanbal.com*"",
  ""*bookallon.com*"",
  ""*artismc.in*"",
  ""*t-o-u-c-h-s-m-a-r-t.com*"",
  ""*osmosisecuador.com*"",
  ""*bulksms.interweblimited.com*"",
  ""*sistacweb.com*"") 
  and Web.http_referrer in (*) 
  by Web.url 
| fields Time, user, dest, url, method, referrer, userAgent, category, action 
| convert ctime(Time)"
 Search for suspicious Files (30 Days),,Always,24h,"index IN (prod_checkpoint, prod_cisco*, prod_o365, prod_windows, prod_sophos*) 
AND (""INV0737559499-20210111480893.xlsm"" OR ""INV1906204175-20210111877440.xlsm"" OR 
""INV1998174535-20210111804169.xlsm"" OR ""INV4808261243-20210111191030.xlsm"" OR 
""INV8164713354-20210111643874.xlsm"" OR ""INV9617285161-20210111842813.xlsm"" OR 
""INV1788514716-20210111553807.xlsm"")"
 Search for suspicious Hashes (30 Days),,Always,24h,"index=prod_checkpoint OR index=prod_cisco* OR index=prod_o365 OR index=prod_windows OR index=prod_sophos* 
(""fa5350d4304c4c2ceafa435244b5a5fc"" OR ""9b7c2b0abf5478ef9a23d9a9e87c7835"")"
 Search for IPS,,Always,24h,"index=prod_checkpoint OR index=prod_cisco_asa OR index=prod_censornet 
(""184.105.192.2"" OR ""40.70.224.146"" OR ""204.79.197.200"") 
| table category, sourcetype, index, url, user, cs_host, c_ip, time, date, action, dest, dvc, site"
 Search for URLs,,Always,24h,"index=prod_checkpoint OR index=prod_cisco_asa OR index=prod_censornet 
(""*bighecks.net*"" OR ""*imageshells.com*"" OR ""*sonic4us.ru*"" OR ""*www.yahgodz.com*"" OR ""*www.update.microsoft.com.nsatc.net*"")"
 Finding Malicious Tools (90d),,Always,24h,"EventCode=4663 (ObjectName=""C\\ProgramData\\*.rar"" OR ObjectName=""C\\ProgramData\\*.zip"" OR ObjectName=""C\\ProgramData\\*.7z"")"
 Search for Nishang PowerShell Framework (90d),,Always,24h,"index=prod_windows OR index=prod_windows_ad OR index=test_windows_iis sourcetype=""WinEventLog"" EventCode=4104 ""*Invoke-PowerShellTCP*"""
 Search to Detect Authentication Bypass (90d),,Always,24h,"index=test_windows_iis sourcetype=""msiisauto"" http_method=POST uri_path=""/owa/auth/Current/themes/resources/*""
| stats count by src_ip, http_user_agent, uri_path, http_method, uri_query"
 Search to detect Exchange Unified Messaging Service Creating Child Process (90d),,Always,24h,"index=prod_windows OR index=prod_windows_ad OR index=test_windows_iis 
(ParentProcessName=""*umworkerprocess.exe*"" OR ParentProcessName=""*UMService.exe*"") NOT 
NewProcessName=""*UMWorkerProcess.exe*"""
 Search to Detect Powercat (90d),,Always,24h,"index IN (prod_windows, prod_windows_ad, test_windows_iis) sourcetype=""WinEventLog"" EventCode=4104 
""*powercat*"""
 Search to Detect WebShells (90d),,Always,24h,"index=test_windows_iis sourcetype=""msiisauto"" http_method=POST status<=403 (uri_query=*.php OR uri_query=*.jsp OR uri_query=*.cfm OR uri_query=*.asp OR uri_query=*.aspx)
| stats count by src_ip, http_user_agent, uri_path, http_method, uri_query"
 Search to identify Exchange Unified Messaging Service Creating Executable Content (90d),,Always,24h,"index=prod_windows OR index=prod_windows_ad OR index=test_windows_iis sourcetype=""WinEventLog"" EventCode=4663 
ObjectType=""File"" ObjectName=""*.php"" OR ObjectName=""*.jsp"" OR ObjectName=""*.js"" OR ObjectName=""*.aspx"" OR 
ObjectName=""*.asmx"" OR ObjectName=""*.cfm"" OR ObjectName=""*.shtml"" 
ProcessName=""*umworkerprocess.exe*"" OR ProcessName=""*UMService.exe*"""
 Search to Identify Execution of 7z (90d),,Always,24h,"index=prod_windows OR index=prod_windows_ad OR index=test_windows_iis sourcetype=""WinEventLog"" EventCode=4688 process=""C\\ProgramData\\7z*"""
 Search to Identify Nishang Framework Utilising EventCode 4688 (90d),,Always,24h,"index=prod_windows OR index=prod_windows_ad OR index=test_windows_iis sourcetype=""WinEventLog"" EventCode=4104 ""*powercat*"""
Checking for connections to the flagged domains over the last 30 days,,Always,24h,"| tstats min(_time) as Time values(Web.user) AS user, values(Web.dest) AS dest, values(Web.http_method) AS method, values(Web.url) AS url, values(Web.http_referrer) AS referrer, values(Web.http_user_agent) AS userAgent, values(Web.category) AS category, values(Web.action) AS action FROM datamodel=Web WHERE Web.dest IN (""*burkecctv.swanndvr.net*"", ""*sl-nbuapp02.coveinsurance.co.uk*"", ""*wifi.vivo.com.cn.a.bdydns.com*"", ""*opencdn.jomodns.com*"", ""*opencdnvivodtml.jomodns.com*"", ""*weu1-urlp.cloudapp.net*"", ""*weu-azsc-urlp.cloudapp.net*"", ""*urlp-asm-skype.trafficmanager.net*"", ""*weu-azsc-urlp.cloudapp.net*"", ""*apps.bdimg.jomodns.com*"", ""*statres.quickapp.cn.a.bdydns.com*"", ""*opencdnssl.jomodns.com*"", ""*statres.quickapp.cn.a.bdydns.com*"", ""*matrix.cdn.bcebos.com.a.bdydns.com*"", ""*opencdn.jomodns.com*"", ""*opencdnssl.jomodns.com*"", ""*194-218-16-66.customer.telia.com*"", ""*proxy.utcluj.ro*"", ""*pc19f01fd.dip0.t-ipconnect.de*"", ""*baikebcs.bdimg.com.a.bdydns.com*"", ""*opencdnbd.jomodns.com*"", ""*statres.quickapp.cn.a.bdydns.com*"", ""*matrix.cdn.bcebos.com.a.bdydns.com*"", ""*yd.edajin.com.a.bdydns.com*"", ""*opencdn.jomodns.com*"", ""*opencdnspy.jomodns.com*"", ""*opencdnssl.jomodns.com*"", ""*boscdn.djduoduo.com.a.bdydns.com*"", ""*m.shezhan88.com.a.bdydns.com*"", ""*opencdnspy.jomodns.com*"", ""*poi-pic.cdn.bcebos.com.a.bdydns.com*"", ""*opencdnv6test.jomodns.com*"", ""*wifi.vivo.com.cn.a.bdydns.com*"", ""*poi-pic.cdn.bcebos.com.a.bdydns.com*"", ""*opencdn.jomodns.com*"", ""*opencdnv6test.jomodns.com*"", ""*opencdnvivodtml.jomodns.com*"", ""*poi-pic.cdn.bcebos.com.a.bdydns.com*"", ""*talos-bundle.cdn.bcebos.com.a.bdydns.com*"", ""*opencdn.jomodns.com*"", ""*opencdnv6test.jomodns.com*"", ""*v5-cdn.1sapp.com*"", ""*poi-pic.cdn.bcebos.com.a.bdydns.com*"", ""*v5.qutoutiao.net.a.bdydns.com*"", ""*opencdnspyv6.jomodns.com*"", ""*opencdnssl.jomodns.com*"", ""*opencdnv6test.jomodns.com*"", ""*v5.qutoutiao.net.vdncache.com*"", ""*opencdnzhihustatic.jomodns.com*"", ""*node-kcx.pool-1-4.dynamic.totinternet.net*"") AND Web.url IN (*) AND Web.http_referrer IN (*) BY Web.url
| fields Time, user, dest, url, method, referrer, userAgent, category, action
| convert ctime(Time)"
Checking for connections to/from the flagged IP's over the last 30 days,,Always,24h,"| tstats earliest(_time) AS ""Earliest"" latest(_time) AS ""Latest"" values(All_Traffic.user) AS user, 
  values(All_Traffic.src_ip) AS sourceIP, values(All_Traffic.src_port) AS sourcePort, 
  values(All_Traffic.dest_ip) AS destinationIP, values(All_Traffic.dest_port) AS destinationPort, 
  values(All_Traffic.direction) AS direction, values(All_Traffic.action) AS action 
  FROM datamodel=Network_Traffic 
  WHERE All_Traffic.src_ip IN (
    77.75.244.131, 70.32.1.32, 58.217.200.35, 52.114.75.71, 52.114.75.216, 42.101.56.49, 
    220.169.152.35, 219.153.113.35, 194.218.16.66, 193.226.5.155, 193.226.5.148, 193.159.1.253, 
    180.101.38.35, 171.107.86.38, 171.107.86.35, 124.236.41.35, 124.236.104.35, 124.225.184.35, 
    123.52.189.35, 121.227.7.35, 120.71.177.35, 118.180.30.35, 117.91.181.35, 113.96.178.41, 
    110.80.30.35, 106.225.194.49, 106.225.194.35, 1.4.231.17
  ) 
  All_Traffic.dest_ip IN (*) 
  All_Traffic.dest_port IN (*) 
  BY All_Traffic.dest_ip, All_Traffic.action 
| fields Earliest, Latest, user, sourceIP, sourcePort, destinationIP, destinationPort, direction, action 
| convert ctime(""Earliest"") ctime(""Latest"") timeformat=""%d/%m/%y %H%M%S"""
Checking for malware events using flagged domains over the last 30 days,,Always,24h,"| tstats count summariesonly=t from datamodel=Malware WHERE Malware_Attacks.* IN (""*burkecctv.swanndvr.net*"",
""*sl-nbuapp02.coveinsurance.co.uk*"",
""*wifi.vivo.com.cn.a.bdydns.com*"",
""*opencdn.jomodns.com*"",
""*opencdnvivodtml.jomodns.com*"",
""*weu1-urlp.cloudapp.net*"",
""*weu-azsc-urlp.cloudapp.net*"",
""*urlp-asm-skype.trafficmanager.net*"",
""*apps.bdimg.jomodns.com*"",
""*statres.quickapp.cn.a.bdydns.com*"",
""*opencdnssl.jomodns.com*"",
""*matrix.cdn.bcebos.com.a.bdydns.com*"",
""*194-218-16-66.customer.telia.com*"",
""*proxy.utcluj.ro*"",
""*pc19f01fd.dip0.t-ipconnect.de*"",
""*baikebcs.bdimg.com.a.bdydns.com*"",
""*opencdnbd.jomodns.com*"",
""*yd.edajin.com.a.bdydns.com*"",
""*boscdn.djduoduo.com.a.bdydns.com*"",
""*m.shezhan88.com.a.bdydns.com*"",
""*poi-pic.cdn.bcebos.com.a.bdydns.com*"",
""*opencdnv6test.jomodns.com*"",
""*talos-bundle.cdn.bcebos.com.a.bdydns.com*"",
""*v5-cdn.1sapp.com*"",
""*v5.qutoutiao.net.a.bdydns.com*"",
""*opencdnspyv6.jomodns.com*"",
""*v5.qutoutiao.net.vdncache.com*"",
""*opencdnzhihustatic.jomodns.com*"",
""*node-kcx.pool-1-4.dynamic.totinternet.net"") "
Checking for malware events using flagged IPS over the last 30 days,,Always,24h,"| tstats count summariesonly=t from datamodel=Malware WHERE Malware_Attacks.* IN (77.75.244.131, 70.32.1.32, 58.217.200.35, 52.114.75.71, 52.114.75.216, 42.101.56.49, 220.169.152.35, 219.153.113.35, 194.218.16.66, 193.226.5.155, 193.226.5.148, 193.159.1.253, 180.101.38.35, 171.107.86.38, 171.107.86.35, 124.236.41.35, 124.236.104.35, 124.225.184.35, 123.52.189.35, 121.227.7.35, 120.71.177.35, 118.180.30.35, 117.91.181.35, 113.96.178.41, 110.80.30.35, 106.225.194.49, 106.225.194.35, 1.4.231.17)"
Search for malicious domain ( 7 days),,Always,24h,"index=prod_workday_live url IN(
    ""*albanallahacrab.club*"",
    ""*dclogictrust.com*"",
    ""*masskwearing.cyou*"",
    ""*padishahmurrka.best*"",
    ""*uragusexgre.club*""
)
| table category, sourcetype, index, url, user, cs_host, c_ip, time, date, action"
Search for malicious files 7 days,,Always,24h,"index IN (prod_windows, prod_sophos_onprem) 
(""*locker_64.dll*"" OR 
""*RecoveryManual.html*"" OR 
""*wininit64.dll*"") 
| table category, sourcetype, index, url, user, cs_host, c_ip, time, date, action, dest, dvc, site"
Search for malicious hashes (30 days),,Always,24h,"index=prod_windows sourcetype=WinEventLog 
OR 
index=prod_sophos_onprem sourcetype=WinEventLog 
(""0a671d9d7ca62274e5e210813d02d860846baf59188e2a07522cd3a1cc3f9cc0"" 
OR ""2c44444d207a78da7477ae1af195d4265134e895bebb476f7b2c003f1467a033"")"
Search to view uploads to known Paste Sites over the last 30 days,,Always,24h,"| tstats min(_time) as earliest max(_time) as latest values(Web.src) as src sum(Web.bytes) as bytes 
sum(Web.bytes_in) as bytes_in sum(Web.bytes_out) as bytes_out values(Web.http_user_agent) as 
http_user_agent values(Web.uri_path) as uri_path values(Web.url) as url values(Web.site) as dest
FROM datamodel=Web WHERE (Web.url IN 
(""*paste.ee/r/*"",""*pastebin.com/raw/*"",""*hastebin.com/raw/*"",""*ghostbin.co/paste/*/raw/*"",""*controlc
.com*"",""*rentry.co/*"", ""*pastehouse.com*"", ""*pastebin.pl*"", ""*justpaste.it*"", ""*pastelink.net*"", 
""*anotepad.com*"", ""*pastequick.com*"", ""*penyacom.org*"", ""*pastebin.pt*"", ""*pastebin.es*"", 
""*pastebin.cz*"", ""*pastebin.in*"", ""*pastebin.ro*"", ""*pastebin.co.za*"", ""*xup.in./paste/*"", 
""*pastr.io*"", ""*0bin.net*"", ""*write.as*"", ""*privatebin.net*"", ""*ideone.com*"", ""*throwbin.io*"", 
""*anonpaste.org*"", ""*secretpm.co*"",""*tempmessage.xyc*"",""*notes.io*"",""*notexe.com*"", ""*zerobin.net*"", 
""*0bin.net*"", ""*privatebin.info*"", ""*pastefs.com*"", ""*pastie.org*"", 
""*dpaste.com*"",""*paste2.org*"",""*codepad.org*"") OR Web.uri_path IN 
(""*paste.ee/r/*"",""*pastebin.com/raw/*"",""*hastebin.com/raw/*"",""*ghostbin.co/paste/*/raw/*"",""*controlc
.com*"",""*rentry.co/*"", ""*pastehouse.com*"", ""*pastebin.pl*"", ""*justpaste.it*"", ""*pastelink.net*"", 
""*anotepad.com*"", ""*pastequick.com*"", ""*penyacom.org*"", ""*pastebin.pt*"", ""*pastebin.es*"", 
""*pastebin.cz*"", ""*pastebin.in*"", ""*pastebin.ro*"", ""*pastebin.co.za*"", ""*xup.in./paste/*"", 
""*pastr.io*"", ""*0bin.net*"", ""*write.as*"", ""*privatebin.net*"", ""*ideone.com*"", ""*throwbin.io*"", 
""*anonpaste.org*"", ""*secretpm.co*"",""*tempmessage.xyc*"",""*notes.io*"",""*notexe.com*"", ""*zerobin.net*"", 
""*0bin.net*"", ""*privatebin.info*"", ""*pastefs.com*"", ""*pastie.org*"", 
""*dpaste.com*"",""*paste2.org*"",""*codepad.org*"")) BY Web.app, Web.action, Web.user
| rename Web.* as *
| eval kbytes_out=(bytes_out/1024), kbytes_in=(bytes_in/1024), kbytes_total=(bytes/1024)
| convert timeformat=""%d/%m/%Y %H%M%S"" ctime(earliest) ctime(latest)
| sort 0 - earliest
| table earliest, latest, app, action, user, src, dest, kbytes_total, kbytes_in, kbytes_out, url, uri_path, http_user_agent"
File Hashes (90d),,Always,24h,"index IN (prod_windows, prod_sophos_onprem) sourcetype=WinEventLog (""0c451e42735fa72cb36d1cc6911cd78ff5a6605bbf104c5f43b90342b1cc38db"" OR ""11959868974ed014b69f572db4c68a1e7547121a759241e32856f208b64c88a8"" OR ""1498e1536f2beb0d4e2ff9e1ace10e5c37fde536b3ed8d3ac2f6614ef37c9216"" OR ""18712de3ff1e2af3255f76ccb40bf79e6f58599e15b7c148c87e8720438f56b6"" OR ""1dc196190e82a017a81937d0b42f96ecd86673b7cc4d4a5fcebe0b4c63495879"" OR ""1df87baeeac67f7eadf3875c0a12a610ec21b285e6b6be97bc0c6969b33277e7"" OR ""1e7e024929426dc634eb67cdf25e1ea621bcaa437707f1956a96c62d66307c30"" OR ""1ebcb62975ca935c0c538d1a421fe94c35c42ca42ebae3fdddce3b23240899b0"" OR ""2047537c162e02f2135b3386f5cfec72c94a7dbe030c7ec12083a93e0a308d3b"" OR ""4d11b045a577258f2ed62c1a56584c6ad8b0128398d19e2ad114c53dc091a734"" OR ""62438d9ec56061fb81f514d6c8eff718f765d3101c16f70051c605deb3e4d788"" OR ""74e23bf9c148dda32dd64e972a6eca790fef3e53008b80242b0732eefb283d51"" OR ""78568ae742d82478786a06e8639fac6a2da6fa032a576ba89bc85261771abb18"" OR ""7f6ebd301c47243a0c909c8f59f1600eacfe56dba2ccfb2639b24d9b16c9ec92"" OR ""8176f5b87011d4d4db43e23663350820ef7a8f31ab452cf5ceae53b49d51b41e"" OR ""823d10a3218a7fb185e70351870c21dcdbd175755a6da60c2cf5a5126904765d"" OR ""83f1e0aceccf0ee054b7f0a933f3ccea3b2306d5b3bea741ea9206c08428a58f"" OR ""91b5b42102b2a55ccf2cf8644e6c310c85b4061ec9ecdc228929769d51cf9ee3"" OR ""a8546a9766dec41398b77083033656665b0b"
Malicious Domains (90d),,Always,24h,"| tstats min(_time) as Time values(Web.user) AS user, values(Web.dest) AS dest, 
  values(Web.http_method) AS method, values(Web.url) AS url, values(Web.http_referrer) AS referrer, 
  values(Web.http_user_agent) AS userAgent, values(Web.category) AS category, values(Web.action) AS 
  action FROM datamodel=Web WHERE Web.dest IN (
  ""*bunikabatedoba13.top*"",
  ""*bvnotike.667.top*"",
  ""*jokimutinke.net*"",
  ""*opiutunuza11.net*"",
  ""*ujnuyteeej.top*"",
  ""*ff.dfbkmoeiruoiumoeio.pro*"",
  ""*x.demolist.org*"",
  ""*nerdasss33.top*"",
  ""*fin.sleeptimellc.net*"",
  ""*support.hebit.at*"",
  ""*pp.ekrjhgkjjhvhkkdfgd.pro*"",
  ""*prod-tp.sumo.mozit.cloud*"",
  ""*makron.bit*"",
  ""*a1815.dscr.akamai.net*"",
  ""*filezilla-project.org*"",
  ""*erwwbasmhtm.com*"",
  ""*fbnurqhsbun.com*""
  ) AND Web.url IN (*)
| fields Time, user, dest, url, method, referrer, userAgent, category, action
| convert ctime(Time)"
Malicious IP's (30d),,Always,24h,"| tstats earliest(_time) as Earliest latest(_time) as Latest 
  values(All_Traffic.user) as user 
  values(All_Traffic.src_ip) as sourceIP 
  values(All_Traffic.src_port) as sourcePort 
  values(All_Traffic.dest_ip) as destinationIP 
  values(All_Traffic.dest_port) as destinationPort 
  values(All_Traffic.direction) as direction 
  values(All_Traffic.action) as action 
  from datamodel=Network_Traffic 
  where All_Traffic.src_ip IN (
    50.21.183.63 
    50.3.75.246 
    199.21.113.151 
    203.150.19.63 
    173.243.126.142 
    104.107.28.123 
    23.6.24.15 
    23.209.185.159 
    185.121.177.177 
    13.107.21.200 
    172.217.10.142 
    130.255.78.223 
    185.121.177.53 
    144.76.133.38 
    45.63.25.55 
    27.100.36.191 
    89.18.27.34 
    178.63.145.230 
    104.168.144.17 
    62.113.203.55 
    192.35.177.64 
    23.6.65.194 
    195.201.179.207 
    104.20.21.251 
    23.3.13.137
  ) 
  All_Traffic.dest_ip IN (*) All_Traffic.dest_port IN (*) 
  by All_Traffic.dest_ip, All_Traffic.action 
| fields Earliest, Latest, user, sourceIP, sourcePort, destinationIP, destinationPort, direction, action 
| convert ctime(Earliest) ctime(Latest) 
  timeformat=""%d/%m/%y %H%M%S"""
Search for malicious domains,,Always,24h,"index IN (prod_censornet, prod_checkpoint, prod_mimecast, prod_rapid7, prod_squid_proxy, test_windows_iis) 
AND (""*dimentos.com*"" OR ""*vaclicinni.xyz*"" OR ""*thulleultinn.club*"" OR ""*oxythuler.cyou*"" OR ""*dictorecovery.cyou*"" OR ""*expertulthima.club*"")"
Search for malicious files,,Always,24h,"index IN (prod_aws, prod_checkpoint, prod_cisco_asa, prod_f5, prod_kong, prod_mimecast, prod_netscaler, prod_o365, prod_rapid7, prod_servicenow, prod_slack, prod_squid_proxy, prod_windows, test_windows_iis) sourcetype=""CONTI_README.txt""
| table category, sourcetype, index, url, user, cs_host, c_ip, time, date, action, dest, dvc, site"
Search for malicious IP addresses,,Always,24h,"index IN (prod_checkpoint, prod_cisco_asa, prod_cisco_ise) 
(""68.183.20.194"" OR ""159.89.140.116"" OR ""83.97.20.160"" OR ""192.99.178.145"" OR ""38.135.122.194"") 
| table category, sourcetype, index, url, user, cs_host, c_ip, time, date, action, dest, dvc, site"
Search to view activity to malicious domains,,Always,24h,"| tstats min(_time) as Time values(Web.user) as user, values(Web.dest) as dest, 
  values(Web.http_method) as method, values(Web.url) as url, values(Web.http_referrer) as referrer, 
  values(Web.http_user_agent) as userAgent, values(Web.category) as category, values(Web.action) as action 
  FROM datamodel=Web 
  WHERE Web.dest IN (""*australiatourism.bazar*"", ""*bestsightsofwildaustralia.bazar*"", 
                     ""*restinaustraliaplace.bazar*"", ""*sightsofsydney21.bazar*"", ""*sydneynewtours.bazar*"", 
                     ""*vacationinsydney2021.bazar*"") 
    AND Web.url IN (""*australiatourism.bazar*"", ""*bestsightsofwildaustralia.bazar*"", 
                    ""*restinaustraliaplace.bazar*"", ""*sightsofsydney21.bazar*"", ""*sydneynewtours.bazar*"", 
                    ""*vacationinsydney2021.bazar*"") 
    AND Web.http_referrer IN (""*"") 
  BY Web.url
| fields Time, user, dest, url, method, referrer, userAgent, category, action 
| convert ctime(Time)"
Search to view presence of malicious file hashes,,Always,24h,"index=prod_windows sourcetype=WinEventLog OR index=prod_sophos_onprem sourcetype=WinEventLog 
EventCode IN (""21807bf30699429100f07c674e9f52f0"", ""441a9b57a778665b0689986265a59caf"", ""494e8dc63210ed59ab012ebb5be1a283"", ""c941c4a83663fa976cf0367844900bc6"", ""c9ea53bdb7010f189f3c4566a854c543"")"
File Hash Search (30d),,Always,24h,"index=prod_windows OR index=prod_sophos_onprem sourcetype=WinEventLog 
(3f8975af51c5028a28097bd0fecc58a92f083abaa347c1f3565fe0309f0286 OR 
7c24d99685623b604aa4b2686e9c1b843a4243eb1b0b7b096d73bcae3d8d5a79 OR 
0f0e25e859bc6f21447ed196d557eb6cdba9737dd3de22a5183a505da0126302 OR 
ac92d4c6397eb4451095949ac485ef4ec38501d7bb6f475419529ae67e297753 OR 
b76e2eea653b480c8a559215aa08806fad4c83c60f9a5996e89d51709212ee29 OR 
e6b0a56662d1f0544257c63e63b2f85ad7215f0df3a7f5a689dee66f27e24db7 OR 
c087de89a3e2c83eb0e5b4bf11de01082518d2099667a63fb49df23206b132e3 OR 
714f3edd04dcce475992d4b173a99ed1a10783d6b5b22cb342884875226396ab OR 
878c2d30ac544c9cb9353675313cfd0b9e2cd4f1952f451b44b9c68849a403e8 OR 
f6ffead3b5f3db5a7a00d1fef874c3d3ed7ecf095da2d981ebd691fdfa685716 OR 
91450c079b924cdbe85c774ac414ee8824cb4182764c51c11c7f0a6fcf11b800 OR 
00ef6637bea63d139f497f9b19c72bc526b85ab40d4ed62a1558930c0ebaa6e5 OR 
95363884cf0cfa8a086cd09714ec1825469f2bfae513e908ec2ea1ffb4215143 OR 
afb49eb1848957358695dabc101257dc008b327aaa45d6651dbfeebca646622f OR 
fcdb76dd9ed127aa0d67615e30a9fbe167e6d5470b943e3a2aa4c33039e21c38 OR 
7dc6d17f523f0e5edf4299c719c6272afc9c53a57c4a9a8cbdc099d00eec1623 OR 
7a248603f91082b2f7d34037ed9974a39716fe72483002616d43eca59fc1e6dd OR 
6660186d53830ad8135e7cd6205f79da69319871e636fba913b3465913ecf2ce OR 
eba8b7356da43b24b7e62f362ada126596043a38bc5d8d3a9138a9b484d36e3e OR 
67ee96c3666d51"
IPv4 Search(7d),,Always,24h,"index=prod_checkpoint OR index=prod_cisco_asa OR index=prod_cisco_ise 
(134.19.177.46 OR 194.33.45.132 OR 103.133.104.124 OR 103.232.55.27 OR 194.5.98.38 
OR 103.207.36.177 OR 185.222.58.147 OR 194.5.97.87 OR 5.206.224.194 OR 185.19.85.176 
OR 104.171.113.195 OR 103.151.123.132 OR 31.210.21.99 OR 103.151.123.132 OR 31.210.20.96 
OR 87.98.245.48 OR 185.38.142.241 OR 104.236.223.230 OR 185.38.142.241 OR 79.134.225.104 
OR 185.203.119.28 OR 103.133.109.176 OR 64.188.13.141 OR 193.218.118.85 OR 74.125.193.102)
| table category sourcetype index url user cs_host c_ip time date action dest dvc site"
Malicious Domains (90d),,Always,24h,"| tstats min(_time) as Time values(Web.user) AS user, values(Web.dest) AS dest, 
  values(Web.http_method) AS method, values(Web.url) AS url, values(Web.http_referrer) AS referrer, 
  values(Web.http_user_agent) AS userAgent, values(Web.category) AS category, values(Web.action) AS action 
  FROM datamodel=Web WHERE Web.dest IN (""*new.www1.biz*"", ""*smasters.otzo.com*"", ""*sriggggs.dynamic-dns.net*"", 
  ""*punisher.shacknet.us*"", ""*italidiegwu12.duckdns.org*"", ""*jbfrost.live*"", ""*nectarclampplaza.com*"", ""*str-master.pw*"") 
  AND Web.url IN (""*"") AND Web.http_referrer IN (""*"") 
  BY Web.url 
| fields Time, user, dest, url, method, referrer, userAgent, category, action 
| convert ctime(Time)"
Search for domains 30 days,,Always,24h,"| tstats min(_time) as Time values(Web.user) AS user, values(Web.dest) AS dest, 
values(Web.http_method) AS method, values(Web.url) AS url, values(Web.http_referrer) AS referrer, 
values(Web.http_user_agent) AS userAgent, values(Web.category) AS category, values(Web.action) AS 
action FROM datamodel=Web WHERE Web.dest IN (""*new.www1.biz*"", ""*smasters.otzo.com*"", 
""*sriggggs.dynamic-dns.net*"", ""*punisher.shacknet.us*"", ""*italidiegwu12.duckdns.org*"", ""*jbfrost.live*"", 
""*nectarclampplaza.com*"", ""*str-master.pw*"") AND Web.url IN (""*"") AND Web.http_referrer IN (""*"") 
BY Web.url 
| fields Time, user, dest, url, method, referrer, userAgent, category, action 
| convert ctime(Time)"
Search for IPS 30 days,,Always,24h,"index=prod_checkpoint OR index=prod_cisco_asa OR index=prod_cisco_ise (198.54.117.200 OR 198.54.117.198 OR 198.54.117.199 OR 198.54.117.197 OR 104.193.252.197 OR 162.244.81.253 OR 185.180.197.86 OR 81.91.177.54 OR 185.117.119.87) 
| table category sourcetype index url user cs_host c_ip time date action dest dvc site"
Search to find malicious hashes 30 days,,Always,24h,index=prod_windows OR index=prod_sophos_onprem sourcetype=WinEventLog (243dff06fc80a049f4fb37292f8b8def0fce29768f345c88ee10699e22b0ae60 OR 12ee27f56ec8a2a3eb2fe69179be3f7a7193ce2b92963ad33356ed299f7ed975 OR 9cee5522a7ca2bfca7cd3d9daba23e9a30deb6205f56c12045839075f7627297 OR 5860f2415aa9a30c045099e3071f099313f653ae1806d6bcdb5f47d5da96c6d7 OR 78782fd324bc98a57274bd3fff8f756217c011484ebf6b614060115a699ee134 OR dc4b8dfff72ff08ec4daa8db4c096a350a9a1bf5434ba7796ab10ec1322ac38c OR 8cfd28911878af048fb96b6cc0b9da770542576d5c2b20b193c3cfc4bde4d3bc OR 4edb883d1ac97824ee42d9f92917cc84b52995abcd17b2852a7e3d5bb567ffbe OR e9417cb1baec2826e3f5a6f64ade26c1374d74d8aa41bfabd29ea20ea5894b14 OR fb76b4a667c6d790c39fcc93a3aac8cd2a224f0eb9ece4ecfd7825f606c2a8b6 OR 4d9432e8a0ceb64c34b13d550251b8d9478ca784e50105dc0d729490fb861d1a OR 508dd6f7ed6c143cf5e1ed6a4051dd8ee7b5bf4b7f55e0704d21ba785f2d5add OR cc54647e8c3fe7b701d78a6fa072c52641ac11d395a6d2ffaf05f38f53112556 OR 68872cc22fbdf0c2f69c32ac878ba9a7b7cf61fe5dd0e3da200131b8b23438e7 OR 1ef8db7e8bd3aaba8b1cef96cd52fde587871571b1719c5d40f9a9c98dd26f84 OR 43e61519be440115eeaa3738a0e4aa4bb3c8ac5f9bdfce1a896db17a374eb8aa OR ec153c3cb67f742b12a35a498d93cd80f47b19ea7b7eb0de217139f136ea0073 OR 533672da9d276012ebab3ce9f4cd09a7f537f65c6e4b63d43f0c1697e2f5e48d OR 1cc7c198a8a2c935fd6f07970479e544f5b35a8eb
Search for Windows Pcap Drivers (30d),,Always,24h,"index=prod_checkpoint OR index=prod_cisco* OR index=prod_o365 OR index=prod_windows OR index=prod_sophos* EventCode=4697 (""*pcap*"" OR ""*npcap*"" OR ""*npf*"" OR ""*nm3*"" OR ""*ndiscap*"" OR ""*nmnt*"" OR ""*windivert*"" OR ""*USBPcap*"" OR ""*pktmon*"")"
Search for PSexec or WMI IoC (30d),,Always,24h,"index IN (prod_checkpoint prod_cisco* prod_o365 prod_windows prod_sophos*) EventCode=1121 
    AND (Process_Name IN (""*\\wmiprvse.exe"" ""*\\psexesvc.exe"") 
        OR New_Process_Name IN (""*\\wmiprvse.exe"" ""*\\psexesvc.exe"") 
        OR process_name IN (""*\\wmiprvse.exe"" ""*\\psexesvc.exe"") 
        OR new_process_name IN (""*\\wmiprvse.exe"" ""*\\psexesvc.exe""))
| convert ctime(_time) as Time timeformat=""%d/%m/%y %H%M%S""
| stats earliest(Time) as ""Earliest"" latest(Time) as ""Latest"" values(user) as User 
    values(EventCode) as EventCode values(Message) as Message by host"
Check for evidence of mimikatz PrintNightmare module (30 days),,Always,24h,"index IN (test_windows, prod_windows)
source=""WinEventLog*""
(EventCode=4688 OR EventCode=592) AND 
(""*miscprintnightmare*"" OR (""*/server*"" AND ""*/library\\*"" AND ""*.dll""))"
Search for evidence of PowerShell PrintNightmare module (30 days),,Always,24h,"index IN (test_windows, prod_windows) source=""WinEventLog*"" (EventCode=4688 OR EventCode=592) AND 
((""*Invoke-Nightmare*"") OR (""*-DLL*"" AND ""*.dll"") OR (""*-DriverName*"" AND ""*-NewUser*""))"
Search for evidence of Rundll32.exe PrintNightmare module (30 days),,Always,24h,"index IN (test_windows, prod_windows) source=WinEventLog* (EventCode=4688 OR EventCode=592) New_Process_Name=*rundll32.exe Creator_Process_Name=*spoolsv.exe"
Search for relevant event codes for indication of exploitation,,Always,24h,"index IN (test_windows, prod_windows) source=""WinEventLog*"" 
(EventCode=4688 OR EventCode=592) AND (""*spoolsv.exe*"" OR ""*\\AppCrash_spoolsv.exe_*"")"
Search to view spoolsv.exe errors associated with PrintNightmare exploit (30 Days),,Always,24h,"index IN (test_windows, prod_windows) source=""WinEventLog*"" ((ErrorCode=""0x45A"" AND (EventCode=""808"" OR EventCode=""4909""))
OR (""The print spooler failed to load a plug-in module"" OR ""*\\drivers\\x64\\*"")) AND ""*mimispool*"""
Check For Connections to Domains (30d),,Always,24h,"| tstats values(Web.user) AS user, values(Web.dest) AS dest, values(Web.http_method) AS method, 
  values(Web.url) AS url, values(Web.http_referrer) AS referrer, values(Web.http_user_agent) AS 
  userAgent, values(Web.category) AS category, values(Web.action) AS action FROM datamodel=Web 
  WHERE Web.dest IN (""*f0525443.xsph.ru*"", ""*f0525538.xsph.ru*"", ""*f0526889.xsph.ru*"", 
  ""*f0528108.xsph.ru*"", ""*f0528018.xsph.ru*"", ""*f0528103.xsph.ru*"", ""*f0527632.xsph.ru*"", 
  ""*f0527590.xsph.ru*"", ""*f0527586.xsph.ru*"", ""*f0527577.xsph.ru*"", ""*f0527472.xsph.ru*"", 
  ""*f0527475.xsph.ru*"", ""*f0527235.xsph.ru*"", ""*f0526632.xsph.ru*"", ""*f0526333.xsph.ru*"", 
  ""*f0525244.xsph.ru*"", ""*f0525767.xsph.ru*"", ""*f0525168.xsph.ru*"", ""*f0525255.xsph.ru*"", 
  ""*f0525053.xsph.ru*"") AND Web.url IN (""*f0525443.xsph.ru*"", ""*f0525538.xsph.ru*"", 
  ""*f0526889.xsph.ru*"", ""*f0528108.xsph.ru*"", ""*f0528018.xsph.ru*"", ""*f0528103.xsph.ru*"", 
  ""*f0527632.xsph.ru*"", ""*f0527590.xsph.ru*"", ""*f0527586.xsph.ru*"", ""*f0527577.xsph.ru*"", 
  ""*f0527472.xsph.ru*"", ""*f0527475.xsph.ru*"", ""*f0527235.xsph.ru*"", ""*f0526632.xsph.ru*"", 
  ""*f0526333.xsph.ru*"", ""*f0525244.xsph.ru*"", ""*f0525767.xsph.ru*"", ""*f0525168.xsph.ru*"", 
  ""*f0525255.xsph.ru*"", ""*f0525053.xsph.ru*"") AND Web.http_referrer IN (*) BY Web.url
| fields user, dest, url, method, referrer, userAgent, category, action"
Search for activity to IPS (30d),,Always,24h,"| tstats values(Web.user) AS user, values(Web.dest) AS dest, values(Web.http_method) AS method, 
values(Web.url) AS url, values(Web.http_referrer) AS referrer, values(Web.http_user_agent) AS 
userAgent, values(Web.category) AS category, values(Web.action) AS action 
FROM datamodel=Web 
WHERE Web.dest IN (
    ""*f0525443.xsph.ru*"",
    ""*f0525538.xsph.ru*"",
    ""*f0526889.xsph.ru*"",
    ""*f0528108.xsph.ru*"",
    ""*f0528018.xsph.ru*"",
    ""*f0528103.xsph.ru*"",
    ""*f0527632.xsph.ru*"",
    ""*f0527590.xsph.ru*"",
    ""*f0527586.xsph.ru*"",
    ""*f0527577.xsph.ru*"",
    ""*f0527472.xsph.ru*"",
    ""*f0527475.xsph.ru*"",
    ""*f0527235.xsph.ru*"",
    ""*f0526632.xsph.ru*"",
    ""*f0526333.xsph.ru*"",
    ""*f0525244.xsph.ru*"",
    ""*f0525767.xsph.ru*"",
    ""*f0525168.xsph.ru*"",
    ""*f0525255.xsph.ru*"",
    ""*f0525053.xsph.ru*""
) 
AND Web.url IN (
    ""*f0525443.xsph.ru*"",
    ""*f0525538.xsph.ru*"",
    ""*f0526889.xsph.ru*"",
    ""*f0528108.xsph.ru*"",
    ""*f0528018.xsph.ru*"",
    ""*f0528103.xsph.ru*"",
    ""*f0527632.xsph.ru*"",
    ""*f0527590.xsph.ru*"",
    ""*f0527586.xsph.ru*"",
    ""*f0527577.xsph.ru*"",
    ""*f0527472.xsph.ru*"",
    ""*f0527475.xsph.ru*"",
    ""*f0527235.xsph.ru*"",
    ""*f0526632.xsph.ru*"",
    ""*f0526333.xsph.ru*"",
    ""*f0525244.xsph.ru*"",
    ""*f0525767.xsph.ru*"",
    ""*f0525168.xsph.ru*"",
    ""*f0525255.xsph.ru*"",
    ""*f0525053.xsph.ru*""
) 
AND Web.http_referrer IN (*) 
BY Web.url
| fields user, dest, url, method, referrer, userAgent, category, action"
Search for presence of suspicious hashes in the estate (30 days),,Always,24h,"index=prod_windows OR index=prod_sophos_onprem sourcetype=WinEventLog 
(B935689B73080CBB9E705E0E598554D1551803E405607CEEABAFE763AA6F9977 
OR 73CF0383A1DC61D851478D5C12408F19A426DD6DA3B347135D0D02A30B4E7545 
OR 9EA73CAC6A19E97458C24AA41D11D0A259EC9E374F58C5861FCA83F2984EC9FA 
OR 80C6688BEE8ED522D3045F46729803A9925857C0AC6B0A4CC2EE552820014197 
OR 7376C43230CE320552C655C6A1CDAD03A4A65395F241A763758BF8F13375474B 
OR 99875E7786B803B50675D3FDE7B3B297EB0291582A71D07FDE68A6F4B1E66C4E 
OR CD6D89DEB28453839DFFCBD5F95EA988DD1845F763FD6ABD33FC62189ECAB339 
OR 3279E4790191B9C9306B8C6870D6E6D4D1990F33B6B1B1E44876F32D9FAD83FA 
OR 453005576C7EDBFDFBD0E0B96D3ACABA53FCDAB6B0DDA0F18375EA898BDBBFD4 
OR 2F1AF29DF7E0104B363D1D5F905FD978ECA948151D55334753E1540F6217AC95 
OR 824D880A5331A14827C549B6277E57DBDF55CBBCF63EA6F9EE47C788258CD313 
OR B6C563486ADE09FBE672D8ACB34736FEE2B36D217DF5EA1D4E3C6BF07DC375C4 
OR DDB32192DB103ECF44FDBE3E0CF4DA8D61853BD90B46EC3721B6760EDEC8FBEB 
OR 3F9A83AFB95B22057FE64588AF8CC3A4F463615DEDFB56F4077FA8BBD7607A9F 
OR FFB99BB263054241D6D3C9330EA911A3B596B3F0D1146CD5C09DF2652A3A8DA8 
OR 35296AA729A0A7FFB94E8141EF9DE20315F88412D1C68DBB81FBAE5FA871F914 
OR 515FEDD3B73D5E818BF55CB918C9788E1F89B4E8C185A90DCB5B66B38C87C17F 
OR 860388A45EED8C7BAEB4CF3B3AF742222E060DA5723A7E6724D5B6B22F43C697 
OR C063D617F9DBBB3A995"
Search for lateral movement Indicators with ConDrv (30d),,Always,24h,"| tstats summariesonly=t earliest(_time) as Earliest latest(_time) as Latest 
  values(Web.user) as User values(Web.dest) as Destination 
  values(Web.site) as Site values(Web.action) as Action 
  values(Web.category) as Category values(Web.url) as URL 
  values(Web.http_content_type) as ""HTTP Content Type"" 
  values(Web.http_method) as ""HTTP Method"" 
  values(Web.http_referrer) as ""HTTP Referrer"" 
  values(Web.http_user_agent) as ""User Agent"" 
  from datamodel=Web 
  WHERE Web.dest IN (""95.179.242.6"", ""95.179.242.27"", ""199.247.25.102"", ""95.179.210.61"", ""95.179.156.97"") 
  by Web.src 
| `drop_dm_object_name(Web)` 
| convert ctime(Earliest) ctime(Latest) timeformat=""%d/%m/%Y %H%M%S"" 
| sort -Earliest"
Search to view evidence of executables over the last 30 days,,Always,24h,"index=prod_checkpoint OR index=prod_cisco* OR index=prod_o365 OR index=prod_windows OR index=prod_sophos* EventCode=4688 New_Process_Name IN (""*bash.exe"" ""*lxrun.exe"" ""*wsl.exe"") 
| fields src_user, user, category, New_Process_Name, app, signature, dest, index 
| stats earliest(_time) as earliest, latest(_time) as latest, count, values(category) as category, 
values(New_Process_Name) as New_Process_Name, values(app) as app, values(signature) as signature, 
values(index) as index by dest, user, src_user 
| eval earliest=strftime(earliest,""%Y-%m-%d %H%M%S.%Q"") 
| eval latest=strftime(latest,""%Y-%m-%d %H%M%S.%Q"") 
| table earliest, latest, count, src_user, user, New_Process_Name, dest, signature, category, app, index"
Search for suspicious domains,,Always,24h,"| tstats values(Web.user) AS user, values(Web.dest) AS dest, values(Web.http_method) AS method, 
  values(Web.url) AS url, values(Web.http_referrer) AS referrer, values(Web.http_user_agent) AS userAgent, 
  values(Web.category) AS category, values(Web.action) AS action 
  FROM datamodel=Web 
  WHERE Web.dest IN (*) 
    AND Web.url IN (""*py2web.online*"", ""*py2web.store*"", ""*mr.f2pool.com*"", ""*pool.minexmr.com*"", 
                   ""*xmr-eu1.nanopool.org*"", ""*xmr.f2pool.com*"", ""*xmr.pool.gntl.co.uk*"", 
                   ""185.239.242.71*"", ""194.145.227.21*"", ""194.145.227.21/a.py*"", ""194.145.227.21/ldr.ps1*"", 
                   ""194.145.227.21/ldr.sh*"", ""194.40.243.98/ldr.sh*"", ""194.87.139.103/cleanfda/newinit.sh*"", 
                   ""194.87.139.103/cleanfda/zzh*"", ""195.58.39.46/asap*"", ""195.58.39.46/cleanfda/init.sh*"", 
                   ""195.58.39.46/cleanfda/newinit.sh*"", ""195.58.39.46/cleanfda/zzh*"", ""31.210.20.120/ldr.sh*"", 
                   ""31.210.20.181/ldr.sh*"", ""45.145.185.85*"", ""py2web.store/cleanfda/newinit.sh*"", 
                   ""py2web.store/cleanfda/zzh*"") 
    AND Web.http_referrer IN (*) 
  BY Web.url 
| fields user, dest, url, method, referrer, userAgent, category, action"
Search for suspicious IP addresses,,Always,24h,"| tstats summariesonly=t count min(_time) as firstTime max(_time) as lastTime 
  values(All_Traffic.src_ip) as src_ip  
  values(All_Traffic.dvc) as dvc 
  values(All_Traffic.protocol) as protocol 
  values(All_Traffic.src_zone) as src_zone 
  values(All_Traffic.user) as user 
  from datamodel=Network_Traffic 
  where All_Traffic.dest_ip IN (""139.99.102.72"", ""185.239.242.71"", ""194.145.227.21"", ""194.40.243.98"", ""194.87.139.103"", ""195.58.39.46"", ""31.210.20.120"", ""31.210.20.181"", ""45.145.185.85"") 
  by All_Traffic.dest_ip, All_Traffic.action, All_Traffic.app
| convert ctime(lastTime) as lastTime, ctime(firstTime) as firstTime timeformat=""%Y/%m/%d %H%M"""
Search for a process injection associated with Bazar malware (30 days),,Always,24h,"index IN (prod_checkpoint prod_cisco* prod_o365 prod_windows prod_sophos*) EventCode=4688 New_Process_Name IN (""*bash.exe"" ""*lxrun.exe"" ""*wsl.exe"")
| fields src_user, user, category, New_Process_Name, app, signature, dest, index
| stats earliest(_time) as earliest, latest(_time) as latest, count, values(category) as category, values(New_Process_Name) as New_Process_Name, values(app) as app, values(signature) as signature, values(index) as index by dest, user, src_user
| eval earliest=strftime(earliest,""%Y-%m-%d %H%M%S.%Q"")
| eval latest=strftime(latest,""%Y-%m-%d %H%M%S.%Q"")
| table earliest, latest, count, src_user, user, New_Process_Name, dest, signature, category, app, index"
IPv4 Search,,Always,24h,"| tstats summariesonly=t count min(_time) as firstTime max(_time) as lastTime values(All_Traffic.src_ip) as ""src_ip"" values(All_Traffic.dvc) as dvc values(All_Traffic.protocol) as ""protocol"" values(All_Traffic.src_zone) as ""src_zone"" values(All_Traffic.user) as ""user"" from datamodel=Network_Traffic where All_Traffic.dest_ip IN (*198.55.119.112*, *45.58.112.77*, *23.229.111.197*, *23.229.111.197*, *185.208.158.208*) by All_Traffic.dest_ip All_Traffic.action All_Traffic.app 
| convert ctime(lastTime) ctime(firstTime) timeformat=""%Y/%m/%d %H%M"""
Search for Domains,,Always,24h,"| tstats values(Web.user) AS user, values(Web.dest) AS dest, values(Web.http_method) AS method, 
values(Web.url) AS url, values(Web.http_referrer) AS referrer, values(Web.http_user_agent) AS 
userAgent, values(Web.category) AS category, values(Web.action) AS action FROM datamodel=Web 
WHERE Web.dest IN (*ddjm.co.kr/bbs/icon/skin/skin.php*, *hivekorea.com/jdboard/member/list.php*, 
*mail.namusoft.kr/jsp/user/eam/board.jsp*, *mail.sisnet.co.kr/jsp/user/sms/sms_recv.jsp*, 
*snum.or.kr/skin_img/skin.php*, *allamwith.com/home/mobile/list.php*, 
*conkorea.com/cshop/banner/list.php*, *ddjm.co.kr/bbs/icon/skin/skin.php*, 
*jinjinpig.co.kr/Anyboard/skin/board.php*) AND Web.url IN (*) AND Web.http_referrer IN (*) 
BY Web.url | fields user, dest, url, method, referrer, userAgent, category, action"
Search for Hashes,,Always,24h,index=prod_windows OR index=prod_sophos_onprem sourcetype=WinEventLog ed9aa858ba2c4671ca373496a4dd05d4 OR 71759cca8c700646b4976b19b9abd6fe OR 3ba4c71c6b087e6d06d668bb22a5b59a OR d5e974a3386fc99d2932756ca165a451 OR f4d46629ca15313b94992f3798718df7 OR 118cfa75e386ed45bec297f8865de671 OR 53648bf8f0121130edb42c626d7c2fc4 OR 1bb267c96ec2925f6ae3716d831671cf OR 0812ce08a75e5fc774a114436e88cd06 OR 927f0a1090255bc724953e1f5a09a070 OR 145735911e9c8bafa4c9c1d7397199fc OR 551c5b3595e9fc1081b5e1f10e3c1a59 OR f3fcb306cb93489f999e00a7ef63536b OR 0ecfa51cd4bf1a9841a07bdb5bfcd0ab OR 4d30612a928faf7643b14bd85d8433cc OR df1e7a42c92ecb01290d896dca4e5faa OR 3b1b8702c4d3e2e194c4cc8f09a57d06 OR ef3a6978c7d454f9f6316f2d267f108d OR 33c2e887c3d337eeffbbd8745bfdfc8f OR bf4a822f04193b953689e277a9e1f4f1 OR 6e710f6f02fdde1e4adf06935a296fd8 OR 38917e8aa02b58b09401383115ab549e OR 67220baf2a415876bee2d43c11f6e9ad OR 3bf9b83e00544ac383aaef795e3ded78 OR 159ad2afcab80e83397388e495d215a5 OR 21ec5f03aab696f0a239c6ea5e50c014 OR b5874eb1119327be51ae03adcbf4d3e0 OR 8b378eabcec13c3c925cc7ca4d191f5f OR 5b387a9130e9b9782ca4c225c8e641b3 OR 25c8e057864126e6648c34581e7b4f20 OR 62eae43a36cbc4ed935d8df007f5650b OR 8d74112c97e98fef4c5d77200f34e4f2 OR b5648f5e115da778615dfd0dc772b647 OR eef723ff0b5c0b10d391955250f781b3 OR d1a99087fa3793fbc4d0adb26e87efce OR d63bb2c5cd4cfbe8fabf1640b569
"Search checking for connections to ad sites (Domain, over 30 days)",,Always,24h,"index=prod_checkpoint (dest=""34.231.131.84"" OR dest=""52.87.34.65"" OR dest=""52.41.141.111"" OR dest=""35.164.24.169"" OR dest=""54.149.89.229"" OR dest=""54.191.252.124"" OR dest=""52.10.53.42"" OR dest=""52.26.163.52"" OR dest=""104.27.169.191"" OR dest=""104.27.168.191"" OR dest=""45.82.253.244"" OR dest=""104.206.78.18"") 
| table _time, host, action, conn_direction, dest, hostname, service 
| sort -_time"
"Search checking for connections to ad sites (IP, over 30 days)",,Always,24h,"index=prod_checkpoint (dest=""34.231.131.84"" OR dest=""52.87.34.65"" OR dest=""52.41.141.111"" OR dest=""35.164.24.169"" OR dest=""54.149.89.229"" OR dest=""54.191.252.124"" OR dest=""52.10.53.42"" OR dest=""52.26.163.52"" OR dest=""104.27.169.191"" OR dest=""104.27.168.191"" OR dest=""45.82.253.244"" OR dest=""104.206.78.18"")
| table _time host action conn_direction dest hostname service
| sort -_time"
Search checking for signs of the malware (over 30 days),,Always,24h,"index=*
(""33094acd614825a916b77df6c5141c088fc3768b"" OR
""0f4d63961b5f0f85bdf17d7858ab76f4b12173f8af25a3c1c8d84d75bb46d384"" OR
""1b2fe4717cab6010c54d1132c789ab092a0f159733367f57d47a8673090e13e3"" OR
""31f86819ef41477c18e700a75450fb5fc733636f83f92cbf06e6bcfcfd7e39c3"" OR
""4685d1ea51450e291b46a4fb64b549ac423a41bdfe03f1a536c031a90ef05499"" OR
""60f240809b1d3c205a585b2386dcc4a0c6ec63e6038ab122af905e3b9bd9637c"" OR
""63d49ee2a609deacf15d4c5dd3c39b8678b1ef7d64704e6eda648e28ae97cf05"" OR
""7d57f577f22e1b87a1f94876840c924f4335cfac06ccac2dff032db5db763798"" OR
""9d3aab6a662b6f245e46a0548a7b7526fb7921c38f8f2da9fafae8cdae87dde1"" OR
""a88b8339048897ad794f6ba051d714533eaf750ba45d93397e19280fb0187479"" OR
""b56a75e8a431c78253ffca8adf967a33335ffd3413987fc129fb17dc81c3c866"" OR
""b7305f7409d9518d57aad6c9baf04160566c1cc90a9c8284ab7f9fc1c2af116b"" OR
""cea3c5d2afb1417c2e1435fa3035777c992f167532f9a5bc1203468993f025ed"" OR
""d745e27c1892fda16bf37f0cfaeef9cd7e201754bc75abbbd5db534186ff1c57"" OR
""db677e6fcdc8f80720323edd2c7e082ff64f805ec4e545b35c0dfaac370a7f9b"" OR
""dd96cf4443ec8c0ddf8355f1845f5a8c3e252061041231e25bc6d829c3edd5b0"" OR
""deeaf7d761dbb3d7434d378065161122296c07dfda1ad7a72fe2f364d90425db"" OR
""def687be0a9af6454054f20bb0bcfb9d5c7361584a024584174b4776e051926f"" OR
""dfc56347494ca778defdf4b68a70e20f8ce6b994819a9b5923a60e648de97f09"" OR
"""
Search for WMI filter to consumer binding or WMI suspicious event consumers(30d),,Always,24h,"index=prod_* (EventCode=5861 AND Message IN (*ActiveScriptEventConsumer* *CommandLineEventConsumer* *CommandLineTemplate*)) OR EventCode=5859 
| transaction user,dvc,service maxspan=-1 maxevents=-1 
| convert ctime(_time) as Time timeformat=""%d/%m/%y %H%M%S"" 
| stats earliest(Time) as Earliest latest(Time) as Latest values(EventCode) as EventCode values(eventtype) as EventType values(service) as Service values(dvc) as Host values(status) as Status values(Service_Type) as Service_Type values(Message) as Message by user"
Search for WMI subscription(30d),,Always,24h,"index IN (prod_checkpoint prod_cisco* prod_o365 prod_windows prod_sophos*) EventCode=4662 Object_Type=""WMI Namespace"" Object_Name=*subscription*
| transaction user,dvc maxspan=-1 maxevents=-1
| convert ctime(_time) as Time timeformat=""%d/%m/%y %H%M%S""
| stats earliest(Time) as Earliest latest(Time) as Latest values(EventCode) as EventCode values(eventtype) as EventType values(Object_Type) as Object_Type values(dvc) as Host values(Object_Name) as Object_Name values(Message) as Message by user"
Search to view activity to IOC domains,,Always,24h,"| tstats values(Web.user) AS user, values(Web.dest) AS dest, values(Web.http_method) AS method, 
values(Web.url) AS url, values(Web.http_referrer) AS referrer, values(Web.http_user_agent) AS 
userAgent, values(Web.category) AS category, values(Web.action) AS action 
FROM datamodel=Web 
WHERE Web.dest IN (*) AND Web.url IN (""*gdcb.bit*"",""*corp-servers.ru*"",""*politiaromana.bit*"",
""*aurumwedding.ru*"",""*krasnaypolyana123.ru*"",""*goodapd.website*"",""*blokefeed.club*"",
""*cevent.net*"",""*graftedinn.us*"",""*top-22.ru*"",""*fabbfoundation.gm*"",""*hoteltravel2018.com*"",
""*boatshowradio.com*"",""*corp-server.ru*"",""*cloud-name.ru*"",""*virmach.ru*"",""*fullmanaged.ru*"",
""*bellytobabyphotographyseattle.com*"",""*pp-panda74.ru*"",""*virmach.ru*"",""*wowservers.ru*"",
""*perfectfunnelblueprint.com*"",""*poketeg.com*"",""*fliptray.biz*"",""*wowservers.ru*"",
""*dsoprodns.ru*"",""*bizaziniinfissi.com*"",""*aubergemontblanc.com*"",""*hotelweisshorn.com*"",
""*holzbock.biz*"",""*morcote-residenza.com*"")
AND Web.http_referrer IN (*) 
BY Web.url 
| fields user, dest, url, method, referrer, userAgent, category, action"
File Search (90d),,Always,24h,"index=* (""CORE-2019.4.5220.20574-SolarWinds-Core-v2019.4.5220-Hotfix5.msp"" OR ""Solarwinds Worldwide, LLC"" OR ""SolarWinds.Orion.Core.BusinessLayer.dll"" OR ""OrionImprovementBusinessLayer.2.cs"" OR ""app_web_logoimagehandler.ashx.b6031896.dll"")"
Look for connections towards malicious IPS (90d),,Always,24h,"index IN (prod_windows prod_sophos_onprem)
[| inputlookup sunburst-domains.csv| rename ip as src | fields src] 
| stats values(src) AS Sunburst BY host"
Search to identify hashes(90d),,Always,24h,"index IN (prod_windows, prod_sophos_onprem) AND 
    (d0d626deb3f9484e649294a8dfa814c5568f846d5aa02d4cdad5d041a29d5600 OR 
    53f8dfc65169ccda021b72a62e0c22a4db7c4077f002fa742717d41b3c40f2c7 OR 
    32519b85c0b422e4656de6e6c41878e95fd95026267daab4215ee59c107d6c77 OR 
    abe22cf0d78836c3ea072daeaf4c5eeaf9c29b6feb597741651979fc8fbd2417 OR 
    019085a76ba7126fff22770d71bd901c325fc68ac55aa743327984e89f4b0134 OR 
    ce77d116a074dab7a22a0fd4f2c1ab475f16eec42e1ded3c0b0aa8211fe858d6 OR 
    439bcd0a17d53837bc29fb51c0abd9d52a747227f97133f8ad794d9cc0ef191e OR 
    a25cadd48d70f6ea0c4a241d99c5241269e6faccb4054e62d16784640f8e53bc OR 
    d3c6785e18fba3749fb785bc313cf8346182f532c59172b69adfb31b96a5d0af OR 
    292327e5c94afa352cc5a02ca273df543f2020d0e76368ff96c84f4e90778712 OR 
    c15abaf51e78ca56c0376522d699c978217bf041a3bd3c71d09193efa5717c71 OR 
    1b476f58ca366b54f34d714ffce3fd73cc30db1a OR 
    47d92d49e6f7f296260da1af355f941eb25360c4 OR 
    76640508b1e7759e548771a5359eaed353bf1eec OR 
    b485953ed77caefe81bff0d9b349a33c5cea4cde OR 
    2f1a5a7411d015d01aaee4535835400191645023 OR 
    d130bd75645c2433f88ac03e73395fba172ef676 OR 
    cfc57d48effb5bbd4e0a6f80e6041d9faf7d7ab4 OR 
    5e643654179e8b4cfe1d3c1906a90a4c8d611cea OR 
    ebe711516d0f5cd8126f4d53e375c90b7b95e8f2 OR 
    c2c30b3a287d82f88753c85cfb11ec9eb1466bad OR 
    75af292f34789a1c782ea36c7127bf6106f595e8 OR 
    02af7cec58b9a5"
Search for remote task creation,,Always,24h,"(index=prod_windows OR index=prod_windows_ad OR index=prod_aws) (EventCode=4624 EventType=3 OR EventCode=4698) 
| sort -_time 
| transaction Logon_ID startswith=(EventCode=4624) endswith=(EventCode=4698) maxspan=1m 
| stats values(EventCode) values(Task_Name) values(Message) values(user) by ComputerName"
Search for tasks with short life time,,Always,24h,"(index=prod_windows OR index=prod_windows_ad OR index=prod_aws) EventCode=4698 OR EventCode=4699
| sort -_time
| transaction Logon_ID Task_Name startswith=(EventCode=4698) endswith=(EventCode=4699) maxspan=1m
| stats values(EventCode) values(Task_Name) values(Message) values(user) by ComputerName"
Search to detect creation of ATSVC scheduled tasks,,Always,24h,"(index=prod_windows OR index=prod_windows_ad OR index=prod_aws) EventCode=""5145"" ""*IPC$*"" ""*atsvc*"" Accesses=""*Write*"""
Search to detect lateral movement using GPO scheduled tasks,,Always,24h,"(index=prod_windows OR index=prod_windows_ad OR index=prod_aws) (EventCode=""5145"" ""*SYSVOL*"" 
""*Scheduled*"" Accesses=""*Write*"")"
Search for created and deleted scheduled tasks 30 days,,Always,24h,"index=prod_windows sourcetype=* (EventCode=4698 OR EventCode=4699) 
| sort -_time 
| transaction ComputerName startswith=(EventCode=4698) endswith=(EventCode=4699) maxspan=60m 
| stats values(EventCode) as EventCode values(EventType) as Event values(TaskCategory) as Task_Name by ComputerName"
 Search for known malicious service installation,,Always,24h,"index=prod_windows OR index=prod_windows_ad OR index=prod_aws EventCode=7045 
| eventstats count as val by Service_File_Name 
| search val < 5 
| convert ctime(_time) as Time timeformat=""%d/%m/%y %H%M%S"" 
| stats values(Time) values(EventCode) values(Sid) values(OpCode) values(Service_Name) values(Service_File_Name) values(Service_Start_Type) values(Service_Type) by ComputerName"
 Search for rare service installation,,Always,24h,"index=prod_windows OR index=prod_windows_ad OR index=prod_aws EventCode=7045 
| eventstats count as val by Service_File_Name 
| search val < 5 
| convert ctime(_time) as Time timeformat=""%d/%m/%y %H%M%S"" 
| stats values(Time) values(EventCode) values(Sid) values(OpCode) values(Service_Name) values(Service_File_Name) values(Service_Start_Type) values(Service_Type) by ComputerName"
 Search for service creation using external resources/utilities (psexec family),,Always,24h,"(index=prod_windows OR index=prod_windows_ad OR index=prod_aws) EventCode=5145 
| transaction Account_Name ComputerName 
  startswith=(EventCode=5145 (""*\ADMIN$"" OR ""*\C$"") Accesses=""*WriteData*"") 
  endswith=(EventCode=5145 ""*\IPC$"" ""*svcctl*"") maxspan=1m 
| convert ctime(_time) as Time timeformat=""%d/%m/%y %H%M%S"" 
| stats values(Time) values(user) values(Source_Network_Address) values(EventCode) 
  values(Share_Name) values(action) values(Accesses) values(Security_ID) 
  values(Relative_Target_Name) by ComputerName"
 Search for standard remote service creation (Windows Builtin),,Always,24h,"(index=prod_windows OR index=prod_windows_ad OR index=prod_aws) 
(EventCode=5156 ""*services.exe"" OR EventCode=7045 OR EventCode=4697) 
| transaction ComputerName startswith=(EventCode=5156) endswith=(EventCode=7045 OR EventCode=4697) maxspan=1m 
| convert ctime(_time) as Time timeformat=""%d/%m/%y %H%M%S"" 
| stats values(EventCode) values(ComputerName) values(TaskCategory) values(Service_File_Name) values(Service_Start_Type) values(Service_Type) by Service_Name Time"
Search for RDP connections over reverse SSH tunnel (using Event ID 4624),,Always,24h,"(index=prod_windows OR index=prod_windows_ad OR index=prod_aws) EventCode=4624 Logon_Type=10 (Source_Network_Address=127.0.0.1/8 OR Source_Network_Address=1)
| convert ctime(_time) as Time timeformat=""%d/%m/%y %H%M%S""
| stats values(src_port) values(Time) values(ComputerName) values(user) values(Account_Name) values(action) values(subject) by src_ip"
Search for RDP connections over reverse SSH tunnel (utilising Event ID 5156),,Always,24h,"(index=prod_windows OR index=prod_windows_ad OR index=prod_aws) EventCode=5156 (src_port=3389 OR Client_Port=3389 OR Port=3389 OR dest_port=3389) (src_ip=127.0.0.1/8 OR dest_ip=127.0.0.1/8)
| convert ctime(_time) as Time timeformat=""%d/%m/%y %H%M%S""
| stats values(src_port) values(Time) values(ComputerName) values(user) values(Account_Name) values(action) values(subject) by src_ip"
Search for RDP with local account (connections to loopback address),,Always,24h,"(index=prod_windows OR index=prod_windows_ad OR index=prod_aws) EventCode=4624 Logon_Type=10 
(Source_Network_Address=127.0.0.1 OR Source_Network_Address=1)
| replace ""*$"" with ""*"" IN Account_Name
| where Account_Name=Workstation_Name
| convert ctime(_time) as Time timeformat=""%d/%m/%y %H%M%S""
| stats values(src_port) values(Time) values(ComputerName) values(user) values(Account_Name) values(action) by src_ip"
util_LookupUpdater-SPL01,This is used to update the lookup for MFA logins.,Always,24h,"index=prod_aws eventName=""ConsoleLogin"" additionalEventData.MFAUsed=""No"" action=success earliest=-65m@m latest=-5m@m
| rename userIdentity.userName AS user
| stats min(_time) AS earliestLogin BY user
| table user, earliestLogin
| appendcols [| inputlookup BL_MFAUserLogins.csv | fields user earliestLogin]
| outputlookup BL_MFAUserLogins.csv"
